datetime;biomass;hydropower;windOffshore;windOnshore;photovoltaics;otherRenewable;nuclear;brownCcoal;hardCoal;fossilGas;hydroPumpedStorage;otherConventional;totalGridLoad;residualLoad;reverseHydroPumpedStorage;sumConventional;sumRenewable
2016-11-01T00:00:00;1123;364;499;774;0;49;2643;4530;1615;465;73;1259;11685;10412;363;10512;2882
2016-11-01T00:15:00;1123;353;501;801;0;46;2640;4542;1539;457;59;1220;11477;10175;379;10398;2883
2016-11-01T00:30:00;1123;361;507;855;0;44;2638;4533;1448;455;56;1235;11292;9931;538;10309;2946
2016-11-01T00:45:00;1122;363;516;893;0;44;2627;4526;1367;457;49;1203;11224;9815;570;10180;2987
2016-11-01T01:00:00;1121;381;510;930;0;44;2643;4542;1236;459;89;1223;11229;9789;242;10103;3075
2016-11-01T01:15:00;1121;365;495;964;0;44;2638;4535;1230;458;57;1207;11086;9627;293;10068;3046
2016-11-01T01:30:00;1121;372;455;991;0;44;2641;4538;1182;457;51;1188;11045;9599;279;10006;3034
2016-11-01T01:45:00;1122;367;452;1022;0;44;2635;4524;1146;454;31;1191;10930;9456;307;9950;3038
2016-11-01T02:00:00;1120;377;499;1058;0;44;2642;4535;1152;454;80;1138;10873;9316;240;9921;3178
2016-11-01T02:15:00;1117;360;508;1089;0;44;2640;4545;1165;455;53;1124;10855;9259;253;9929;3171
2016-11-01T02:30:00;1119;360;508;1073;0;44;2641;4549;1194;456;53;1098;10859;9278;283;9938;3157
2016-11-01T02:45:00;1120;364;507;1096;0;44;2641;4543;1203;455;25;1121;10828;9225;363;9963;3156
2016-11-01T03:00:00;1117;378;505;1105;0;44;2646;4545;1222;448;69;1149;10821;9211;355;10010;3218
2016-11-01T03:15:00;1119;362;513;1132;0;44;2644;4542;1234;450;58;1154;10850;9205;370;10024;3228
2016-11-01T03:30:00;1119;371;507;1162;0;44;2645;4554;1242;450;66;1101;10942;9272;327;9992;3269
2016-11-01T03:45:00;1115;364;500;1184;0;44;2645;4565;1247;453;69;1145;11023;9339;314;10055;3276
2016-11-01T04:00:00;1115;368;488;1193;0;44;2648;4568;1254;452;61;1234;11096;9415;260;10156;3269
2016-11-01T04:15:00;1114;369;458;1208;0;44;2647;4566;1278;454;59;1270;11150;9484;280;10215;3252
2016-11-01T04:30:00;1115;374;436;1229;0;44;2647;4566;1312;449;33;1234;11214;9549;269;10208;3231
2016-11-01T04:45:00;1116;372;410;1250;0;44;2649;4560;1338;449;111;1246;11389;9728;221;10242;3303
2016-11-01T05:00:00;1116;362;409;1277;0;44;2646;4561;1356;463;49;1284;11562;9876;200;10310;3257
2016-11-01T05:15:00;1117;359;419;1289;0;46;2645;4549;1399;473;259;1300;11519;9811;197;10366;3489
2016-11-01T05:30:00;1117;356;439;1319;0;47;2645;4551;1492;470;27;1252;11597;9839;141;10410;3305
2016-11-01T05:45:00;1119;347;512;1359;0;47;2644;4549;1575;476;28;1289;11786;9916;145;10533;3412
2016-11-01T06:00:00;1117;345;537;1410;0;47;2637;4557;1684;503;49;1365;12015;10068;193;10746;3505
2016-11-01T06:15:00;1117;350;546;1458;0;49;2639;4572;1748;507;110;1374;12304;10300;124;10840;3630
2016-11-01T06:30:00;1118;361;486;1487;1;49;2644;4569;1825;507;219;1381;12570;10597;69;10926;3721
2016-11-01T06:45:00;1118;353;465;1500;2;49;2643;4543;1881;510;379;1392;12817;10851;71;10969;3866
2016-11-01T07:00:00;1120;348;503;1510;9;49;2634;4463;1933;526;98;1422;12928;10907;167;10978;3637
2016-11-01T07:15:00;1124;353;478;1529;50;49;2635;4457;1945;527;138;1383;13074;11018;168;10947;3721
2016-11-01T07:30:00;1126;351;437;1543;140;49;2639;4452;1955;527;208;1397;13243;11123;132;10970;3854
2016-11-01T07:45:00;1130;352;431;1542;273;49;2643;4456;1971;523;224;1376;13356;11111;121;10969;4001
2016-11-01T08:00:00;1128;355;433;1548;438;49;2638;4456;1924;521;279;1371;13654;11235;70;10910;4230
2016-11-01T08:15:00;1129;364;448;1545;564;49;2643;4463;1927;524;382;1292;13725;11169;66;10849;4481
2016-11-01T08:30:00;1130;364;447;1513;749;49;2642;4461;1927;521;364;1306;13842;11133;67;10857;4616
2016-11-01T08:45:00;1129;363;484;1466;939;49;2640;4462;1913;522;308;1358;13925;11037;89;10895;4738
2016-11-01T09:00:00;1129;363;501;1414;1139;49;2641;4457;1893;519;275;1407;14010;10955;107;10917;4870
2016-11-01T09:15:00;1134;362;526;1361;1312;49;2637;4447;1880;519;239;1445;14155;10956;109;10928;4983
2016-11-01T09:30:00;1134;355;591;1328;1527;49;2637;4450;1866;515;183;1449;14278;10832;110;10917;5167
2016-11-01T09:45:00;1132;346;625;1287;1743;49;2635;4446;1812;510;114;1440;14370;10714;119;10843;5296
2016-11-01T10:00:00;1131;350;639;1254;1932;48;2640;4436;1839;511;193;1391;14443;10618;81;10817;5547
2016-11-01T10:15:00;1130;348;661;1251;2074;48;2638;4430;1851;507;70;1532;14483;10497;220;10958;5582
2016-11-01T10:30:00;1128;348;668;1255;2200;47;2635;4425;1847;506;68;1536;14529;10407;254;10949;5714
2016-11-01T10:45:00;1131;346;712;1275;2314;47;2636;4428;1809;504;67;1566;14520;10220;306;10943;5892
2016-11-01T11:00:00;1132;352;747;1288;2370;47;2638;4415;1720;483;145;1547;14630;10226;359;10803;6081
2016-11-01T11:15:00;1136;351;714;1283;2386;45;2637;4408;1714;484;158;1544;14726;10344;267;10787;6073
2016-11-01T11:30:00;1137;350;744;1322;2449;45;2636;4410;1693;484;209;1424;14825;10311;196;10647;6256
2016-11-01T11:45:00;1137;347;794;1346;2455;45;2635;4408;1673;482;186;1475;14804;10209;219;10673;6310
2016-11-01T12:00:00;1133;346;850;1388;2468;45;2636;4398;1665;477;175;1440;14835;10129;120;10616;6405
2016-11-01T12:15:00;1131;348;863;1465;2416;45;2634;4396;1660;486;133;1386;14802;10059;119;10562;6401
2016-11-01T12:30:00;1133;346;846;1490;2338;45;2634;4397;1677;487;122;1383;14674;10001;270;10578;6320
2016-11-01T12:45:00;1133;345;878;1475;2311;45;2631;4389;1680;488;109;1329;14621;9956;297;10517;6296
2016-11-01T13:00:00;1124;345;904;1492;2240;45;2632;4401;1646;474;110;1236;14533;9897;294;10389;6260
2016-11-01T13:15:00;1134;344;893;1512;2131;44;2627;4395;1601;462;57;1237;14370;9835;357;10322;6115
2016-11-01T13:30:00;1141;349;887;1552;2017;42;2629;4401;1576;460;61;1301;14276;9820;445;10367;6049
2016-11-01T13:45:00;1142;348;887;1567;1872;42;2625;4396;1577;460;60;1300;14119;9792;424;10358;5918
2016-11-01T14:00:00;1139;359;898;1626;1735;42;2628;4390;1569;463;100;1340;14045;9786;472;10390;5899
2016-11-01T14:15:00;1140;363;905;1637;1580;43;2631;4389;1559;463;139;1278;14121;9999;213;10320;5807
2016-11-01T14:30:00;1144;350;912;1652;1396;43;2631;4383;1550;462;145;1240;14009;10049;151;10266;5642
2016-11-01T14:45:00;1148;356;918;1671;1189;43;2629;4389;1548;465;142;1252;13914;10137;157;10283;5467
2016-11-01T15:00:00;1150;351;909;1736;994;43;2628;4375;1595;464;129;1306;13976;10338;157;10368;5312
2016-11-01T15:15:00;1150;347;912;1789;800;43;2627;4384;1614;466;123;1336;13885;10384;159;10427;5164
2016-11-01T15:30:00;1149;354;912;1796;611;43;2630;4375;1663;466;169;1346;13909;10591;104;10480;5034
2016-11-01T15:45:00;1150;343;930;1793;422;43;2629;4380;1735;468;188;1359;13872;10728;132;10571;4869
2016-11-01T16:00:00;1153;343;927;1834;268;44;2626;4386;1823;473;206;1415;14000;10972;108;10723;4775
2016-11-01T16:15:00;1154;342;926;1929;143;44;2632;4385;1892;472;286;1371;14133;11136;72;10752;4824
2016-11-01T16:30:00;1152;342;938;2028;51;44;2631;4385;1997;473;361;1394;14337;11321;12;10880;4916
2016-11-01T16:45:00;1153;344;926;2089;11;44;2629;4380;2072;491;408;1449;14561;11535;3;11021;4975
2016-11-01T17:00:00;1154;347;918;2131;5;47;2617;4402;2116;524;401;1518;15014;11960;2;11177;5003
2016-11-01T17:15:00;1154;351;913;2155;0;49;2631;4401;2174;526;733;1529;15404;12336;1;11261;5355
2016-11-01T17:30:00;1158;344;910;2211;0;49;2630;4405;2179;548;858;1581;15627;12505;0;11343;5530
2016-11-01T17:45:00;1160;345;920;2236;0;49;2632;4427;2187;553;832;1586;15737;12581;1;11385;5542
2016-11-01T18:00:00;1160;344;913;2293;0;49;2618;4467;2184;525;628;1508;15783;12577;1;11302;5387
2016-11-01T18:15:00;1161;345;923;2334;0;49;2627;4476;2187;528;616;1479;15709;12452;1;11297;5428
2016-11-01T18:30:00;1159;345;922;2380;0;49;2629;4476;2188;531;515;1493;15711;12409;0;11317;5370
2016-11-01T18:45:00;1155;346;916;2408;0;49;2628;4486;2184;531;494;1514;15704;12381;5;11343;5368
2016-11-01T19:00:00;1155;347;918;2468;0;49;2628;4476;2136;527;468;1459;15601;12215;86;11226;5405
2016-11-01T19:15:00;1156;347;926;2577;0;49;2626;4475;2117;522;336;1464;15483;11980;205;11204;5391
2016-11-01T19:30:00;1156;353;935;2629;0;49;2625;4472;2099;520;267;1448;15347;11783;258;11164;5389
2016-11-01T19:45:00;1156;354;922;2709;0;49;2623;4451;2052;513;201;1448;15142;11512;337;11087;5391
2016-11-01T20:00:00;1148;358;935;2842;0;49;2630;4410;1969;483;112;1388;14949;11172;112;10880;5444
2016-11-01T20:15:00;1147;351;934;2896;0;47;2617;4392;1864;472;60;1318;14619;10790;173;10663;5435
2016-11-01T20:30:00;1146;358;915;2903;0;46;2630;4409;1716;470;117;1205;14385;10567;200;10430;5485
2016-11-01T20:45:00;1146;360;938;2911;0;46;2631;4425;1663;469;89;1177;14237;10388;283;10365;5490
2016-11-01T21:00:00;1144;365;944;2940;0;46;2639;4370;1564;464;118;1078;14179;10295;69;10115;5557
2016-11-01T21:15:00;1144;353;935;2944;0;45;2628;4351;1507;465;82;1049;14033;10155;65;10000;5503
2016-11-01T21:30:00;1144;345;944;3028;0;46;2626;4365;1438;466;57;1016;13830;9858;113;9911;5564
2016-11-01T21:45:00;1142;346;954;3042;0;46;2618;4361;1359;465;60;1052;13650;9654;239;9855;5590
2016-11-01T22:00:00;1139;377;953;2970;0;46;2633;4368;1222;459;173;1186;13901;9977;44;9868;5658
2016-11-01T22:15:00;1136;367;946;2992;0;46;2627;4362;1142;462;120;1136;13679;9741;50;9729;5607
2016-11-01T22:30:00;1135;357;940;3019;0;46;2630;4364;1084;455;262;1073;13437;9478;112;9606;5759
2016-11-01T22:45:00;1134;352;938;3046;0;46;2620;4350;1033;453;211;1058;13158;9174;317;9514;5727
2016-11-01T23:00:00;1134;357;955;3066;0;46;2630;4392;980;443;91;1027;12846;8826;335;9472;5649
2016-11-01T23:15:00;1133;350;944;3102;0;46;2614;4397;945;425;79;879;12525;8479;446;9260;5654
2016-11-01T23:30:00;1133;351;948;3141;0;44;2621;4393;883;400;81;827;12278;8189;653;9124;5698
2016-11-01T23:45:00;1123;341;950;3153;0;40;2601;4361;885;394;76;832;12043;7940;798;9073;5683
2016-11-02T00:00:00;1113;342;951;3165;0;39;2618;4273;850;414;53;803;11849;7733;700;8958;5663
2016-11-02T00:15:00;1120;334;953;3165;0;40;2609;4206;829;420;172;790;11601;7482;712;8854;5784
2016-11-02T00:30:00;1102;329;948;3264;0;42;2613;4168;807;423;177;806;11527;7315;844;8817;5862
2016-11-02T00:45:00;1089;327;950;3318;0;42;2597;4083;792;421;189;791;11365;7098;867;8684;5915
2016-11-02T01:00:00;1114;339;942;3370;0;42;2614;3983;779;413;185;726;11248;6936;678;8515;5992
2016-11-02T01:15:00;1118;339;954;3403;0;40;2614;3916;768;405;195;781;11189;6833;761;8484;6049
2016-11-02T01:30:00;1119;337;954;3431;0;39;2615;3821;779;405;28;732;11059;6674;700;8352;5908
2016-11-02T01:45:00;1115;327;954;3446;0;39;2615;3721;782;403;180;759;11023;6623;696;8280;6061
2016-11-02T02:00:00;1117;357;954;3513;0;39;2624;3631;780;401;199;822;11100;6633;776;8258;6179
2016-11-02T02:15:00;1117;350;952;3524;0;39;2619;3585;784;399;44;814;11067;6591;840;8201;6026
2016-11-02T02:30:00;1118;347;953;3589;0;39;2616;3523;785;400;198;710;11074;6531;713;8034;6244
2016-11-02T02:45:00;1116;339;952;3600;0;39;2606;3518;791;399;188;707;10976;6425;712;8021;6234
2016-11-02T03:00:00;1117;345;953;3621;0;39;2619;3540;792;400;201;693;11133;6559;754;8044;6276
2016-11-02T03:15:00;1118;346;954;3654;0;38;2621;3539;799;403;203;701;11245;6637;756;8063;6313
2016-11-02T03:30:00;1117;343;945;3698;0;38;2623;3536;797;404;36;709;11343;6700;720;8069;6177
2016-11-02T03:45:00;1116;340;932;3721;0;38;2617;3543;812;405;24;729;11387;6735;735;8106;6171
2016-11-02T04:00:00;1117;339;941;3780;0;38;2600;3491;809;407;180;779;11496;6775;783;8086;6395
2016-11-02T04:15:00;1119;343;942;3822;0;38;2604;3485;827;410;182;788;11656;6892;757;8114;6446
2016-11-02T04:30:00;1119;352;935;3854;0;38;2611;3494;842;413;189;829;11945;7156;743;8189;6487
2016-11-02T04:45:00;1127;362;942;3876;0;38;2625;3522;870;419;35;924;12155;7337;754;8360;6380
2016-11-02T05:00:00;1129;347;922;3866;0;38;2617;3595;888;419;193;937;12412;7625;777;8456;6495
2016-11-02T05:15:00;1131;356;919;3881;0;39;2626;3724;928;444;201;868;12695;7896;592;8590;6527
2016-11-02T05:30:00;1132;365;927;3908;0;42;2624;3784;968;468;68;990;13243;8409;510;8834;6442
2016-11-02T05:45:00;1131;369;925;3971;0;43;2623;3792;1068;486;86;1157;13738;8842;462;9126;6525
2016-11-02T06:00:00;1132;347;938;4059;0;43;2612;3812;1167;514;66;1328;14540;9544;552;9433;6585
2016-11-02T06:15:00;1133;369;933;4060;0;44;2624;3827;1254;527;201;1373;15259;10266;234;9605;6740
2016-11-02T06:30:00;1136;372;931;4099;0;45;2627;3820;1452;537;416;1531;15846;10815;40;9967;6999
2016-11-02T06:45:00;1139;361;922;4093;1;45;2624;3834;1662;543;533;1615;16214;11198;34;10278;7094
2016-11-02T07:00:00;1138;341;895;4109;5;45;2617;3819;1832;555;351;1627;16628;11619;60;10450;6884
2016-11-02T07:15:00;1139;339;926;4157;24;45;2623;3816;1911;579;439;1588;16865;11759;33;10517;7069
2016-11-02T07:30:00;1136;328;943;4155;80;49;2624;3816;1986;586;424;1660;17067;11890;33;10672;7115
2016-11-02T07:45:00;1134;332;932;4190;177;50;2623;3814;2065;587;420;1684;17230;11931;38;10773;7235
2016-11-02T08:00:00;1135;336;935;4194;279;50;2617;3794;2088;590;604;1741;17414;12007;42;10830;7533
2016-11-02T08:15:00;1131;336;942;4191;400;50;2624;3804;2127;591;679;1696;17587;12054;33;10842;7729
2016-11-02T08:30:00;1131;329;930;4244;544;50;2628;3811;2190;591;483;1747;17601;11883;40;10967;7711
2016-11-02T08:45:00;1136;331;920;4202;693;50;2633;3811;2204;593;392;1707;17584;11770;87;10948;7724
2016-11-02T09:00:00;1139;332;906;4240;849;50;2628;3806;2171;585;249;1749;17615;11620;33;10939;7765
2016-11-02T09:15:00;1140;342;908;4235;976;49;2626;3804;2164;572;268;1785;17744;11625;45;10951;7918
2016-11-02T09:30:00;1138;337;893;4205;1130;46;2627;3790;2175;568;176;1826;17805;11578;49;10986;7925
2016-11-02T09:45:00;1130;332;868;4227;1282;46;2629;3771;2176;566;167;1816;17852;11475;43;10958;8052
2016-11-02T10:00:00;1129;333;861;4300;1382;46;2634;3739;2212;563;200;1759;17861;11319;22;10907;8251
2016-11-02T10:15:00;1128;333;864;4367;1488;46;2633;3717;2192;562;145;1728;17858;11138;22;10832;8371
2016-11-02T10:30:00;1129;333;828;4495;1530;46;2633;3725;2171;566;154;1721;17853;11001;89;10816;8515
2016-11-02T10:45:00;1127;332;752;4533;1611;47;2632;3721;2171;573;167;1749;18000;11104;96;10846;8569
2016-11-02T11:00:00;1126;337;723;4576;1644;48;2635;3713;2235;574;169;1739;18142;11199;20;10896;8623
2016-11-02T11:15:00;1126;337;741;4642;1666;48;2636;3716;2226;582;180;1717;18295;11246;14;10877;8740
2016-11-02T11:30:00;1121;339;741;4676;1687;49;2636;3703;2249;595;236;1700;18335;11231;9;10883;8849
2016-11-02T11:45:00;1122;337;731;4734;1691;49;2633;3695;2239;610;207;1704;18346;11190;10;10881;8871
2016-11-02T12:00:00;1122;338;730;4789;1719;49;2637;3688;2256;613;209;1674;18223;10985;3;10868;8956
2016-11-02T12:15:00;1125;337;734;4833;1698;49;2634;3685;2243;612;138;1672;18193;10929;36;10846;8914
2016-11-02T12:30:00;1127;337;727;4833;1698;49;2636;3683;2249;612;152;1721;18173;10916;23;10901;8923
2016-11-02T12:45:00;1127;332;697;4827;1693;49;2636;3679;2274;641;143;1692;18105;10889;21;10922;8868
2016-11-02T13:00:00;1129;334;723;4822;1614;49;2637;3691;2312;649;130;1748;18112;10954;112;11037;8801
2016-11-02T13:15:00;1130;329;740;4823;1529;49;2636;3677;2315;622;108;1708;18010;10918;92;10958;8708
2016-11-02T13:30:00;1129;331;719;4841;1470;49;2637;3695;2327;569;102;1691;17863;10834;88;10919;8641
2016-11-02T13:45:00;1129;330;664;4775;1424;49;2637;3687;2364;555;90;1706;17693;10830;107;10949;8461
2016-11-02T14:00:00;1130;332;643;4832;1339;49;2638;3686;2495;567;115;1642;17637;10824;140;11028;8440
2016-11-02T14:15:00;1130;336;623;4746;1246;49;2638;3686;2573;582;152;1699;17634;11020;223;11178;8282
2016-11-02T14:30:00;1125;340;606;4703;1140;49;2638;3698;2641;585;138;1694;17591;11142;248;11256;8101
2016-11-02T14:45:00;1126;332;588;4619;1020;49;2638;3720;2678;584;119;1689;17479;11252;188;11309;7853
2016-11-02T15:00:00;1130;339;557;4507;883;49;2638;3760;2749;588;113;1866;17477;11531;246;11601;7578
2016-11-02T15:15:00;1134;336;518;4432;748;49;2638;3767;2810;587;143;1764;17379;11681;122;11566;7360
2016-11-02T15:30:00;1135;353;505;4372;585;49;2639;3777;2903;586;217;1761;17352;11891;92;11666;7216
2016-11-02T15:45:00;1135;358;453;4310;429;49;2636;3775;2993;612;260;1783;17351;12160;17;11799;6994
2016-11-02T16:00:00;1134;338;405;4185;264;49;2633;3804;3132;636;402;1778;17288;12434;35;11983;6777
2016-11-02T16:15:00;1132;342;379;4086;139;49;2636;3847;3149;658;437;1784;17204;12601;19;12074;6564
2016-11-02T16:30:00;1137;336;349;4009;54;49;2638;3848;3214;683;538;1837;17223;12811;17;12220;6472
2016-11-02T16:45:00;1140;341;327;3941;13;49;2636;3826;3331;693;631;1865;17436;13155;17;12351;6442
2016-11-02T17:00:00;1138;335;322;3897;1;49;2622;3774;3441;716;485;2048;17765;13545;38;12601;6227
2016-11-02T17:15:00;1141;341;308;3865;0;49;2637;3797;3443;740;754;2008;18121;13948;20;12625;6458
2016-11-02T17:30:00;1141;336;299;3942;0;50;2635;3818;3455;757;971;1990;18345;14105;20;12655;6739
2016-11-02T17:45:00;1141;333;264;4008;0;50;2636;3849;3442;779;982;2019;18360;14089;18;12725;6778
2016-11-02T18:00:00;1142;335;244;4030;0;50;2630;3904;3432;783;732;1990;18339;14066;19;12739;6533
2016-11-02T18:15:00;1144;336;232;4059;0;50;2635;3931;3496;770;559;2012;18231;13939;34;12844;6380
2016-11-02T18:30:00;1147;340;222;4000;0;50;2635;3945;3513;769;548;1981;18165;13943;37;12843;6307
2016-11-02T18:45:00;1149;343;202;3977;0;50;2635;3971;3512;756;626;1968;18199;14021;34;12842;6347
2016-11-02T19:00:00;1149;343;195;3927;0;50;2637;4059;3442;740;422;1967;18161;14040;57;12845;6086
2016-11-02T19:15:00;1147;340;189;3808;0;50;2635;4080;3390;696;327;1943;17893;13897;76;12744;5861
2016-11-02T19:30:00;1147;340;191;3748;0;50;2634;4082;3379;679;196;1908;17693;13754;81;12682;5672
2016-11-02T19:45:00;1148;339;205;3675;0;50;2623;4091;3350;660;113;1854;17450;13571;72;12578;5530
2016-11-02T20:00:00;1144;348;207;3620;0;50;2637;4128;3287;648;280;1844;17237;13409;83;12544;5649
2016-11-02T20:15:00;1145;340;199;3522;0;50;2623;4104;3176;646;246;1810;16783;13062;120;12359;5502
2016-11-02T20:30:00;1148;347;160;3405;0;50;2637;4129;3077;613;156;1703;16483;12917;95;12159;5266
2016-11-02T20:45:00;1146;343;151;3241;0;50;2632;4123;3042;608;120;1706;16188;12796;132;12111;5051
2016-11-02T21:00:00;1146;356;190;3074;0;50;2642;4141;3043;644;267;1662;16076;12812;102;12132;5083
2016-11-02T21:15:00;1144;350;175;2990;0;50;2641;4101;3041;671;147;1645;15821;12656;106;12099;4856
2016-11-02T21:30:00;1142;347;155;2916;0;50;2639;4068;2985;665;164;1644;15623;12552;124;12001;4774
2016-11-02T21:45:00;1142;342;145;2840;0;50;2638;4076;2945;666;126;1645;15299;12314;203;11970;4645
2016-11-02T22:00:00;1136;344;132;2775;0;50;2643;4168;2877;665;322;1654;15262;12356;119;12007;4759
2016-11-02T22:15:00;1136;346;110;2701;0;50;2638;4189;2846;660;105;1583;14996;12186;111;11916;4448
2016-11-02T22:30:00;1136;344;107;2620;0;50;2643;4207;2760;653;302;1549;14593;11866;289;11812;4559
2016-11-02T22:45:00;1137;344;114;2553;0;49;2638;4206;2634;651;272;1544;14339;11673;319;11673;4469
2016-11-02T23:00:00;1136;362;112;2471;0;49;2643;4221;2518;645;312;1582;14149;11567;194;11609;4442
2016-11-02T23:15:00;1134;352;108;2396;0;49;2640;4238;2421;646;139;1520;13678;11175;385;11465;4178
2016-11-02T23:30:00;1133;360;102;2327;0;49;2641;4265;2353;636;207;1489;13443;11014;432;11384;4178
2016-11-02T23:45:00;1130;359;99;2241;0;50;2636;4267;2257;613;43;1536;13251;10911;457;11309;3922
2016-11-03T00:00:00;1126;361;98;2178;0;50;2645;4212;2162;592;122;1439;13043;10767;395;11050;3935
2016-11-03T00:15:00;1126;365;100;2121;0;48;2645;4193;2118;593;46;1484;12870;10649;450;11033;3806
2016-11-03T00:30:00;1127;364;101;2050;0;48;2636;4155;2130;594;17;1536;12676;10525;604;11051;3707
2016-11-03T00:45:00;1128;359;102;1995;0;48;2640;4108;2185;593;54;1528;12634;10537;694;11054;3686
2016-11-03T01:00:00;1126;372;94;1933;0;48;2643;4143;2230;604;47;1538;12453;10426;590;11158;3620
2016-11-03T01:15:00;1125;360;102;1854;0;49;2643;4184;2245;605;73;1611;12404;10448;719;11288;3563
2016-11-03T01:30:00;1125;358;109;1821;0;50;2643;4188;2250;608;46;1617;12331;10401;749;11306;3509
2016-11-03T01:45:00;1126;356;115;1796;0;50;2642;4186;2242;608;70;1604;12288;10377;758;11282;3513
2016-11-03T02:00:00;1126;363;109;1791;0;50;2645;4214;2301;604;77;1595;12230;10330;718;11359;3516
2016-11-03T02:15:00;1125;367;103;1759;0;50;2643;4217;2346;603;51;1607;12236;10375;717;11416;3455
2016-11-03T02:30:00;1124;360;105;1712;0;50;2642;4227;2371;605;81;1548;12196;10380;740;11393;3432
2016-11-03T02:45:00;1123;358;118;1679;0;50;2642;4230;2375;605;90;1538;12285;10488;731;11390;3418
2016-11-03T03:00:00;1121;357;121;1659;0;50;2643;4263;2348;605;54;1538;12253;10473;706;11397;3362
2016-11-03T03:15:00;1122;356;114;1649;0;50;2643;4260;2336;606;69;1531;12227;10465;705;11376;3360
2016-11-03T03:30:00;1122;356;121;1637;0;50;2642;4266;2358;607;33;1528;12246;10489;640;11401;3319
2016-11-03T03:45:00;1123;354;120;1607;0;50;2640;4276;2383;607;4;1543;12242;10514;671;11449;3258
2016-11-03T04:00:00;1124;357;119;1577;0;50;2643;4313;2406;648;20;1584;12431;10734;690;11594;3247
2016-11-03T04:15:00;1124;356;119;1535;0;50;2643;4325;2461;700;63;1613;12556;10902;680;11742;3247
2016-11-03T04:30:00;1125;362;116;1482;0;50;2646;4335;2594;716;37;1634;12678;11079;668;11925;3172
2016-11-03T04:45:00;1129;359;116;1414;0;50;2643;4338;2706;725;63;1631;12776;11246;625;12043;3131
2016-11-03T05:00:00;1136;355;113;1376;0;50;2643;4340;2767;738;31;1692;13025;11537;512;12180;3061
2016-11-03T05:15:00;1137;354;108;1333;0;50;2645;4345;2895;744;72;1785;13306;11866;440;12414;3054
2016-11-03T05:30:00;1136;361;115;1279;0;51;2646;4343;3067;747;119;1718;13651;12257;141;12521;3061
2016-11-03T05:45:00;1135;365;119;1221;0;51;2645;4353;3333;783;117;1774;14006;12666;114;12888;3008
2016-11-03T06:00:00;1135;355;124;1167;0;51;2633;4396;3556;865;94;1928;14818;13528;405;13378;2926
2016-11-03T06:15:00;1137;363;141;1104;0;51;2644;4415;3773;973;67;2001;15394;14148;242;13806;2863
2016-11-03T06:30:00;1140;370;136;1057;0;51;2646;4422;3894;1028;218;2069;15962;14768;60;14059;2972
2016-11-03T06:45:00;1139;373;151;981;1;51;2647;4408;3938;1054;579;2129;16350;15218;1;14176;3275
2016-11-03T07:00:00;1141;357;151;957;6;51;2636;4321;3960;1067;635;2052;16751;15637;61;14036;3298
2016-11-03T07:15:00;1144;352;167;921;31;51;2642;4348;3969;1105;865;2047;16873;15754;49;14111;3531
2016-11-03T07:30:00;1144;345;192;899;97;51;2642;4370;3960;1138;877;2120;17145;15957;40;14230;3605
2016-11-03T07:45:00;1150;342;188;845;219;51;2643;4394;3958;1145;963;2099;17253;16002;2;14239;3758
2016-11-03T08:00:00;1153;342;171;787;358;50;2643;4458;4002;1204;936;2073;17450;16134;2;14380;3797
2016-11-03T08:15:00;1154;338;174;742;525;51;2642;4467;4048;1215;834;2111;17474;16033;1;14483;3818
2016-11-03T08:30:00;1152;341;184;678;740;51;2645;4429;4094;1211;715;2136;17516;15914;45;14515;3861
2016-11-03T08:45:00;1152;345;187;631;937;51;2642;4316;4111;1235;656;2146;17444;15690;92;14450;3959
2016-11-03T09:00:00;1151;349;193;577;1166;50;2642;4308;4122;1346;650;2116;17415;15480;24;14534;4136
2016-11-03T09:15:00;1151;347;188;520;1366;51;2642;4306;4134;1343;496;2124;17473;15399;39;14549;4119
2016-11-03T09:30:00;1149;346;187;466;1615;50;2640;4309;4123;1355;369;2111;17536;15268;48;14538;4182
2016-11-03T09:45:00;1148;346;174;431;1812;50;2638;4317;4107;1347;346;2096;17506;15090;88;14505;4307
2016-11-03T10:00:00;1149;356;169;394;1969;50;2644;4322;4090;1288;403;2059;17609;15077;14;14403;4490
2016-11-03T10:15:00;1146;348;180;369;2135;50;2641;4320;4087;1241;280;2061;17611;14929;10;14350;4508
2016-11-03T10:30:00;1144;344;191;368;2287;50;2640;4309;4075;1240;199;2028;17693;14848;28;14292;4583
2016-11-03T10:45:00;1148;344;199;367;2413;50;2636;4296;4058;1239;196;2042;17700;14721;70;14271;4717
2016-11-03T11:00:00;1144;346;203;362;2508;50;2643;4278;4035;1207;211;2057;17791;14719;20;14220;4824
2016-11-03T11:15:00;1149;346;208;366;2543;50;2640;4279;4043;1195;276;2036;17920;14803;8;14193;4938
2016-11-03T11:30:00;1150;350;198;385;2593;50;2642;4285;4045;1191;360;2030;17859;14683;53;14193;5086
2016-11-03T11:45:00;1151;349;175;396;2596;51;2637;4276;4029;1203;367;2002;17854;14688;73;14147;5085
2016-11-03T12:00:00;1151;351;187;403;2583;50;2637;4267;4034;1214;244;2054;17745;14573;7;14206;4969
2016-11-03T12:15:00;1152;348;188;407;2489;48;2635;4277;4044;1213;109;2080;17643;14558;22;14249;4741
2016-11-03T12:30:00;1152;350;201;420;2440;45;2637;4266;4045;1195;115;2091;17646;14586;15;14234;4723
2016-11-03T12:45:00;1150;352;169;436;2380;44;2636;4223;4052;1172;324;2067;17593;14608;3;14150;4855
2016-11-03T13:00:00;1144;364;122;439;2246;44;2639;4243;4055;1205;353;2106;17632;14825;3;14248;4712
2016-11-03T13:15:00;1145;353;101;462;2062;45;2638;4246;4054;1255;366;2034;17561;14936;3;14227;4534
2016-11-03T13:30:00;1141;362;109;477;1939;46;2639;4241;4060;1311;402;2016;17485;14960;3;14267;4476
2016-11-03T13:45:00;1142;367;118;499;1834;47;2638;4238;4056;1328;286;2077;17326;14875;3;14337;4293
2016-11-03T14:00:00;1145;355;143;502;1673;48;2638;4229;4058;1269;201;2100;17334;15017;3;14294;4067
2016-11-03T14:15:00;1145;356;158;514;1475;46;2638;4232;4057;1240;222;2092;17284;15138;3;14259;3916
2016-11-03T14:30:00;1146;350;133;533;1327;46;2637;4279;4055;1256;300;2020;17189;15197;3;14247;3835
2016-11-03T14:45:00;1146;369;133;552;1129;46;2637;4316;4052;1250;364;1998;17122;15308;3;14253;3739
2016-11-03T15:00:00;1143;351;115;559;944;46;2635;4318;4049;1236;192;2107;17132;15514;127;14345;3350
2016-11-03T15:15:00;1147;358;112;563;766;46;2637;4329;4053;1220;217;2078;17068;15627;80;14317;3209
2016-11-03T15:30:00;1147;363;91;569;577;47;2638;4337;4056;1240;277;2077;17044;15807;4;14348;3071
2016-11-03T15:45:00;1149;358;110;550;411;47;2638;4370;4057;1252;402;2026;16989;15919;4;14343;3027
2016-11-03T16:00:00;1150;369;131;563;257;47;2632;4336;4045;1265;375;2062;16953;16003;71;14340;2892
2016-11-03T16:15:00;1154;365;142;585;128;49;2637;4314;4051;1264;565;2045;16967;16112;53;14311;2988
2016-11-03T16:30:00;1153;354;172;600;46;49;2637;4314;4060;1266;651;2104;17103;16285;4;14381;3025
2016-11-03T16:45:00;1154;353;185;617;11;49;2639;4310;4076;1275;771;2145;17275;16463;3;14445;3140
2016-11-03T17:00:00;1158;364;125;646;3;49;2636;4330;4069;1277;821;2141;17652;16879;3;14453;3166
2016-11-03T17:15:00;1163;390;112;680;0;47;2638;4346;4063;1278;1157;2170;17962;17170;1;14495;3549
2016-11-03T17:30:00;1160;397;175;721;0;47;2635;4321;4028;1282;1335;2190;18218;17322;2;14456;3835
2016-11-03T17:45:00;1161;378;139;783;0;47;2636;4338;4002;1314;1375;2163;18296;17375;1;14453;3883
2016-11-03T18:00:00;1162;370;189;843;0;47;2636;4331;3982;1314;1202;2081;18230;17199;2;14344;3813
2016-11-03T18:15:00;1166;368;230;907;0;46;2637;4340;3936;1275;1050;2109;18148;17011;1;14297;3767
2016-11-03T18:30:00;1165;373;273;954;0;47;2636;4337;3872;1277;937;2123;18111;16885;2;14245;3749
2016-11-03T18:45:00;1164;368;305;1023;0;47;2637;4355;3878;1284;898;2122;18097;16770;1;14276;3805
2016-11-03T19:00:00;1162;369;370;1100;0;49;2636;4366;3871;1292;831;2129;17998;16528;2;14294;3881
2016-11-03T19:15:00;1162;354;344;1184;0;50;2636;4375;3898;1247;619;2130;17819;16291;3;14286;3713
2016-11-03T19:30:00;1157;354;260;1223;0;51;2636;4379;3896;1203;476;2154;17707;16225;27;14268;3521
2016-11-03T19:45:00;1156;356;241;1251;0;51;2634;4376;3850;1160;425;2145;17504;16011;32;14165;3480
2016-11-03T20:00:00;1151;357;269;1276;0;51;2640;4376;3831;1135;505;2216;17220;15675;3;14198;3609
2016-11-03T20:15:00;1152;358;368;1299;0;51;2635;4381;3783;1128;226;2154;16854;15187;10;14081;3454
2016-11-03T20:30:00;1152;358;349;1323;0;51;2638;4394;3727;1070;109;2135;16555;14884;54;13964;3342
2016-11-03T20:45:00;1151;359;373;1332;0;51;2637;4394;3674;1026;70;2117;16307;14602;286;13848;3336
2016-11-03T21:00:00;1149;360;411;1328;0;51;2640;4409;3589;968;207;1997;16111;14372;181;13603;3506
2016-11-03T21:15:00;1149;365;442;1331;0;51;2635;4410;3537;845;204;1937;15909;14136;166;13364;3542
2016-11-03T21:30:00;1150;361;481;1340;0;51;2635;4416;3475;750;179;1879;15667;13845;199;13155;3562
2016-11-03T21:45:00;1151;354;500;1364;0;51;2629;4418;3402;675;108;1870;15347;13484;256;12994;3528
2016-11-03T22:00:00;1145;367;509;1395;0;51;2638;4431;3305;649;116;1671;15202;13299;88;12694;3583
2016-11-03T22:15:00;1144;360;550;1452;0;51;2637;4418;3106;649;130;1608;14964;12963;98;12418;3687
2016-11-03T22:30:00;1143;363;551;1484;0;51;2635;4416;2893;648;180;1593;14675;12640;192;12185;3772
2016-11-03T22:45:00;1142;360;591;1506;0;51;2628;4408;2769;647;110;1631;14291;12195;327;12083;3760
2016-11-03T23:00:00;1140;366;608;1521;0;51;2637;4366;2632;647;180;1573;13936;11806;204;11855;3866
2016-11-03T23:15:00;1140;361;685;1555;0;51;2631;4319;2514;640;124;1543;13687;11448;337;11647;3916
2016-11-03T23:30:00;1135;363;740;1591;0;51;2632;4325;2341;641;90;1565;13457;11126;608;11504;3970
2016-11-03T23:45:00;1134;362;778;1617;0;51;2623;4336;2202;634;80;1602;13203;10808;734;11397;4022
2016-11-04T00:00:00;1127;389;764;1644;0;50;2640;4403;2169;614;72;1487;13004;10596;598;11313;4046
2016-11-04T00:15:00;1128;372;718;1676;0;47;2638;4417;2125;604;34;1315;12830;10436;517;11099;3975
2016-11-04T00:30:00;1127;362;729;1719;0;46;2618;4407;2061;582;26;1352;12566;10117;695;11020;4009
2016-11-04T00:45:00;1126;366;744;1789;0;45;2616;4407;2027;556;169;1407;12456;9923;811;11013;4239
2016-11-04T01:00:00;1125;386;687;1819;0;45;2640;4422;2030;552;44;1478;12492;9986;670;11122;4106
2016-11-04T01:15:00;1126;372;705;1848;0;46;2637;4412;2022;555;191;1419;12351;9797;691;11045;4288
2016-11-04T01:30:00;1126;372;718;1853;0;45;2640;4415;2031;565;175;1374;12256;9685;727;11025;4289
2016-11-04T01:45:00;1119;357;762;1893;0;44;2631;4402;1999;566;179;1373;12212;9557;770;10971;4354
2016-11-04T02:00:00;1119;361;802;1938;0;44;2638;4419;1968;567;40;1273;12253;9513;710;10865;4304
2016-11-04T02:15:00;1125;357;821;2002;0;44;2622;4416;1952;554;178;1245;12125;9302;818;10789;4527
2016-11-04T02:30:00;1126;359;772;2034;0;44;2623;4413;1956;555;39;1240;12222;9415;805;10787;4374
2016-11-04T02:45:00;1126;357;749;2127;0;44;2613;4401;1942;555;175;1210;12122;9246;847;10721;4578
2016-11-04T03:00:00;1126;363;740;2161;0;44;2607;4379;1897;557;193;1273;12300;9399;904;10713;4627
2016-11-04T03:15:00;1128;361;712;2170;0;44;2617;4382;1882;559;196;1250;12323;9441;886;10690;4611
2016-11-04T03:30:00;1125;360;730;2192;0;44;2634;4379;1876;560;39;1252;12382;9461;867;10701;4490
2016-11-04T03:45:00;1123;366;731;2213;0;44;2625;4394;1877;561;203;1250;12483;9540;813;10707;4680
2016-11-04T04:00:00;1125;377;706;2242;0;44;2638;4391;1916;564;209;1310;12709;9761;663;10819;4703
2016-11-04T04:15:00;1123;371;692;2270;0;44;2642;4383;1991;565;48;1365;12813;9852;702;10946;4548
2016-11-04T04:30:00;1122;373;681;2305;0;44;2643;4388;2048;567;209;1363;12902;9917;666;11009;4734
2016-11-04T04:45:00;1133;361;689;2342;0;44;2640;4385;2085;586;200;1400;13051;10021;594;11096;4769
2016-11-04T05:00:00;1134;366;665;2339;0;44;2642;4388;2132;602;35;1443;13277;10273;642;11207;4583
2016-11-04T05:15:00;1135;369;679;2310;0;47;2643;4383;2247;591;59;1400;13430;10441;589;11264;4599
2016-11-04T05:30:00;1135;369;666;2300;0;47;2644;4390;2403;590;66;1446;13690;10724;531;11473;4583
2016-11-04T05:45:00;1133;365;663;2286;0;47;2644;4374;2541;620;214;1574;14062;11113;468;11753;4708
2016-11-04T06:00:00;1131;370;649;2317;0;47;2634;4356;2683;689;236;1798;14929;11963;388;12160;4750
2016-11-04T06:15:00;1138;390;681;2334;0;49;2644;4385;2887;714;319;1904;15574;12560;158;12534;4911
2016-11-04T06:30:00;1143;389;668;2371;0;49;2645;4391;3071;719;435;1950;16031;12992;40;12776;5055
2016-11-04T06:45:00;1145;375;648;2401;0;49;2647;4403;3231;737;701;1941;16472;13423;40;12959;5319
2016-11-04T07:00:00;1145;363;658;2401;5;49;2637;4401;3345;740;460;1975;16958;13895;40;13098;5081
2016-11-04T07:15:00;1142;364;658;2409;24;49;2644;4402;3384;734;630;1980;17130;14040;39;13144;5276
2016-11-04T07:30:00;1145;366;661;2433;86;49;2644;4402;3408;733;628;1985;17272;14092;34;13172;5368
2016-11-04T07:45:00;1142;372;624;2455;177;49;2645;4410;3420;736;694;2033;17447;14191;34;13244;5513
2016-11-04T08:00:00;1149;374;596;2446;304;49;2646;4421;3415;735;782;2090;17571;14226;34;13307;5700
2016-11-04T08:15:00;1149;381;587;2479;460;49;2647;4429;3418;737;828;2103;17759;14234;34;13334;5933
2016-11-04T08:30:00;1147;370;559;2440;618;49;2647;4428;3418;738;769;2130;17796;14179;34;13361;5952
2016-11-04T08:45:00;1148;365;544;2445;773;49;2647;4429;3421;737;609;2136;17827;14065;34;13370;5933
2016-11-04T09:00:00;1148;364;541;2435;901;49;2641;4426;3421;737;475;2002;17737;13859;33;13227;5913
2016-11-04T09:15:00;1148;359;527;2423;1070;49;2640;4424;3419;735;370;1955;17800;13779;33;13173;5946
2016-11-04T09:30:00;1144;357;481;2358;1255;49;2640;4426;3420;739;359;1965;17867;13774;34;13190;6003
2016-11-04T09:45:00;1147;357;478;2311;1382;50;2640;4418;3418;737;381;1983;17946;13775;34;13196;6106
2016-11-04T10:00:00;1149;361;514;2247;1534;50;2645;4424;3432;718;413;1951;17942;13647;35;13170;6268
2016-11-04T10:15:00;1147;357;535;2242;1651;50;2642;4412;3433;716;311;1950;17898;13470;35;13153;6293
2016-11-04T10:30:00;1144;357;536;2215;1752;50;2646;4417;3437;717;290;1924;17947;13444;35;13141;6344
2016-11-04T10:45:00;1136;355;540;2160;1882;50;2645;4411;3438;717;296;1936;18040;13458;35;13147;6419
2016-11-04T11:00:00;1138;363;534;2125;1990;50;2647;4393;3442;713;403;1889;17996;13347;34;13084;6603
2016-11-04T11:15:00;1141;357;541;2076;2089;50;2646;4407;3440;711;439;1847;18036;13331;33;13051;6693
2016-11-04T11:30:00;1143;361;597;2053;2152;51;2645;4409;3449;709;368;1847;18010;13208;42;13059;6725
2016-11-04T11:45:00;1148;361;614;2016;2156;51;2643;4406;3453;707;258;1884;17949;13163;48;13093;6604
2016-11-04T12:00:00;1149;359;658;1969;2210;51;2642;4407;3465;708;275;1851;17810;12974;81;13073;6671
2016-11-04T12:15:00;1149;358;683;1913;2206;51;2639;4413;3442;710;149;1863;17774;12973;90;13067;6509
2016-11-04T12:30:00;1150;355;686;1901;2201;51;2640;4413;3420;713;112;1841;17660;12873;83;13027;6456
2016-11-04T12:45:00;1150;354;725;1837;2115;51;2637;4387;3434;714;119;1860;17594;12918;123;13032;6351
2016-11-04T13:00:00;1153;354;735;1836;2060;50;2638;4359;3452;711;190;1916;17595;12963;99;13076;6378
2016-11-04T13:15:00;1156;354;724;1805;1921;50;2638;4367;3436;706;167;1893;17466;13015;116;13040;6177
2016-11-04T13:30:00;1156;354;705;1777;1799;50;2640;4361;3430;703;177;1890;17336;13055;106;13024;6018
2016-11-04T13:45:00;1158;353;680;1788;1657;50;2638;4362;3428;703;120;1891;17125;13000;113;13022;5806
2016-11-04T14:00:00;1156;353;672;1784;1544;50;2640;4391;3403;703;82;1859;17021;13021;132;12996;5641
2016-11-04T14:15:00;1156;353;625;1755;1368;50;2639;4406;3417;702;155;1828;16986;13239;81;12992;5462
2016-11-04T14:30:00;1156;358;596;1700;1202;50;2639;4416;3432;703;247;1863;16887;13389;106;13053;5309
2016-11-04T14:45:00;1156;365;555;1675;1042;50;2638;4430;3427;705;357;1841;16870;13597;61;13041;5200
2016-11-04T15:00:00;1156;360;535;1679;848;50;2635;4408;3429;704;382;1877;16887;13826;34;13053;5010
2016-11-04T15:15:00;1158;359;534;1628;655;50;2634;4405;3432;705;489;1856;16786;13970;39;13032;4873
2016-11-04T15:30:00;1161;376;553;1620;470;50;2638;4403;3429;708;521;1846;16741;14099;36;13024;4751
2016-11-04T15:45:00;1163;371;530;1612;308;51;2635;4406;3424;710;474;1921;16657;14208;42;13096;4509
2016-11-04T16:00:00;1158;357;553;1613;178;51;2627;4410;3418;713;253;1970;16765;14422;169;13138;4163
2016-11-04T16:15:00;1156;362;597;1659;79;51;2631;4404;3416;715;266;1911;16793;14458;96;13077;4170
2016-11-04T16:30:00;1158;370;608;1742;25;51;2635;4409;3412;715;355;1949;16975;14600;86;13120;4309
2016-11-04T16:45:00;1162;374;530;1788;7;51;2638;4406;3418;716;731;1893;17182;14857;23;13071;4643
2016-11-04T17:00:00;1161;372;522;1815;3;51;2630;4399;3416;721;643;1925;17499;15159;0;13091;4567
2016-11-04T17:15:00;1161;368;482;1862;0;51;2634;4405;3417;721;873;2012;17792;15448;0;13189;4797
2016-11-04T17:30:00;1163;373;451;1954;0;51;2631;4402;3418;722;969;1985;17913;15509;0;13158;4961
2016-11-04T17:45:00;1165;359;496;2060;0;51;2631;4399;3414;722;873;2014;17988;15432;1;13180;5004
2016-11-04T18:00:00;1168;364;490;2156;0;51;2632;4391;3417;720;824;2039;17864;15218;1;13199;5053
2016-11-04T18:15:00;1168;366;503;2222;0;51;2635;4397;3421;720;736;2040;17759;15034;1;13213;5046
2016-11-04T18:30:00;1168;368;483;2246;0;51;2635;4402;3425;721;704;2041;17671;14942;0;13224;5020
2016-11-04T18:45:00;1169;366;462;2240;0;51;2636;4405;3425;722;658;2022;17609;14908;1;13210;4946
2016-11-04T19:00:00;1166;365;485;2296;0;51;2638;4396;3424;721;512;2005;17513;14733;137;13184;4875
2016-11-04T19:15:00;1166;365;477;2366;0;51;2634;4394;3415;712;376;1964;17280;14437;145;13119;4801
2016-11-04T19:30:00;1166;366;491;2383;0;51;2632;4399;3378;676;373;1964;17067;14193;243;13049;4830
2016-11-04T19:45:00;1166;367;466;2391;0;51;2627;4383;3338;672;276;1976;16954;14098;286;12996;4717
2016-11-04T20:00:00;1161;378;430;2413;0;51;2638;4374;3285;703;547;1835;16581;13739;37;12835;4980
2016-11-04T20:15:00;1161;380;383;2431;0;51;2632;4340;3277;702;278;1930;16275;13462;109;12881;4684
2016-11-04T20:30:00;1160;370;381;2402;0;51;2634;4353;3248;674;221;1862;15948;13164;176;12771;4585
2016-11-04T20:45:00;1161;376;423;2376;0;51;2630;4352;3138;650;143;1818;15739;12941;250;12588;4530
2016-11-04T21:00:00;1159;373;429;2352;0;51;2636;4319;3019;633;159;1723;15519;12739;55;12330;4523
2016-11-04T21:15:00;1158;372;439;2298;0;51;2633;4310;2926;628;141;1715;15333;12596;97;12212;4459
2016-11-04T21:30:00;1158;374;422;2234;0;51;2631;4318;2786;631;98;1653;15072;12417;86;12019;4337
2016-11-04T21:45:00;1157;369;432;2191;0;51;2627;4319;2686;662;76;1585;14861;12239;94;11879;4276
2016-11-04T22:00:00;1156;376;455;2132;0;51;2638;4345;2660;652;134;1522;14830;12243;68;11817;4304
2016-11-04T22:15:00;1154;371;464;2102;0;51;2632;4357;2587;641;66;1472;14600;12035;76;11689;4208
2016-11-04T22:30:00;1151;370;442;2050;0;51;2634;4354;2503;620;145;1481;14296;11804;137;11592;4209
2016-11-04T22:45:00;1149;370;417;2014;0;51;2631;4364;2381;607;119;1537;14047;11616;261;11520;4120
2016-11-04T23:00:00;1145;366;404;2027;0;51;2627;4332;2288;586;189;1481;13675;11245;279;11314;4182
2016-11-04T23:15:00;1142;371;398;2010;0;51;2635;4292;2181;559;30;1473;13471;11064;329;11140;4002
2016-11-04T23:30:00;1142;373;387;1981;0;51;2634;4289;2108;543;31;1542;13277;10909;502;11116;3965
2016-11-04T23:45:00;1139;365;355;1960;0;51;2615;4292;2045;537;27;1521;12932;10618;597;11010;3897
2016-11-05T00:00:00;1135;369;307;1905;0;50;2633;4443;2056;509;139;1458;12757;10546;264;11099;3905
2016-11-05T00:15:00;1130;371;270;1877;0;48;2634;4488;2055;509;44;1553;12463;10316;388;11239;3740
2016-11-05T00:30:00;1132;374;228;1853;0;48;2633;4482;2059;509;33;1547;12320;10239;523;11230;3668
2016-11-05T00:45:00;1131;368;205;1835;0;48;2631;4457;2055;507;30;1498;12086;10045;659;11148;3617
2016-11-05T01:00:00;1132;373;208;1835;0;48;2639;4456;2054;507;49;1573;12040;9998;622;11229;3645
2016-11-05T01:15:00;1131;364;178;1854;0;48;2634;4453;2023;508;25;1537;11875;9843;659;11155;3600
2016-11-05T01:30:00;1130;373;152;1846;0;48;2637;4462;1989;508;47;1545;11870;9872;731;11141;3596
2016-11-05T01:45:00;1133;359;153;1883;0;48;2623;4435;1971;506;17;1494;11555;9519;802;11029;3593
2016-11-05T02:00:00;1134;371;162;1913;0;48;2639;4429;2018;506;42;1375;11640;9564;537;10967;3670
2016-11-05T02:15:00;1134;366;155;1931;0;48;2636;4429;2008;508;27;1345;11568;9482;525;10926;3661
2016-11-05T02:30:00;1133;361;150;1950;0;48;2636;4423;2012;508;121;1377;11531;9432;568;10956;3763
2016-11-05T02:45:00;1130;364;161;1954;0;48;2637;4416;2009;508;125;1399;11570;9455;589;10969;3782
2016-11-05T03:00:00;1129;365;176;1934;0;48;2639;4406;2026;507;127;1404;11540;9431;557;10982;3779
2016-11-05T03:15:00;1131;360;183;1944;0;48;2637;4401;2033;511;27;1374;11538;9410;521;10956;3693
2016-11-05T03:30:00;1130;360;174;1941;0;48;2636;4406;2044;512;28;1416;11588;9473;569;11014;3681
2016-11-05T03:45:00;1130;358;160;1908;0;48;2632;4412;2048;511;23;1403;11519;9451;560;11006;3627
2016-11-05T04:00:00;1131;366;158;1903;0;48;2634;4417;2069;512;29;1380;11563;9502;596;11012;3635
2016-11-05T04:15:00;1130;362;173;1880;0;48;2636;4427;2109;510;28;1439;11627;9574;644;11121;3621
2016-11-05T04:30:00;1130;362;180;1872;0;48;2635;4431;2125;512;26;1454;11684;9633;643;11157;3618
2016-11-05T04:45:00;1135;365;186;1829;0;48;2635;4423;2146;511;27;1456;11665;9649;664;11171;3590
2016-11-05T05:00:00;1144;371;208;1818;0;48;2637;4395;2203;512;62;1513;11868;9842;520;11260;3651
2016-11-05T05:15:00;1144;364;215;1822;0;48;2637;4404;2226;515;37;1533;11794;9757;614;11315;3630
2016-11-05T05:30:00;1142;363;222;1830;0;48;2635;4394;2229;517;26;1536;11752;9699;678;11311;3631
2016-11-05T05:45:00;1142;363;264;1824;0;48;2633;4376;2236;518;54;1528;11736;9648;687;11291;3695
2016-11-05T06:00:00;1143;362;283;1809;0;48;2628;4218;2247;568;50;1433;11877;9785;618;11094;3695
2016-11-05T06:15:00;1144;366;270;1819;0;49;2636;4173;2317;574;58;1420;12015;9926;533;11120;3706
2016-11-05T06:30:00;1144;371;243;1834;0;50;2637;4177;2370;576;72;1484;12180;10103;433;11244;3714
2016-11-05T06:45:00;1144;375;235;1847;1;50;2637;4170;2394;577;110;1529;12485;10402;275;11307;3762
2016-11-05T07:00:00;1146;366;239;1837;5;50;2633;4182;2412;590;95;1584;12750;10669;320;11401;3738
2016-11-05T07:15:00;1149;370;222;1840;14;50;2635;4197;2457;594;112;1576;12883;10807;198;11459;3757
2016-11-05T07:30:00;1150;366;212;1803;37;50;2635;4191;2513;602;96;1561;13053;11002;81;11502;3714
2016-11-05T07:45:00;1151;370;201;1829;68;50;2636;4193;2625;602;222;1559;13334;11236;73;11615;3891
2016-11-05T08:00:00;1154;367;178;1869;101;50;2634;4251;2658;587;126;1577;13621;11473;135;11707;3845
2016-11-05T08:15:00;1157;366;156;1878;160;50;2636;4275;2758;589;120;1565;13813;11619;146;11823;3887
2016-11-05T08:30:00;1159;368;155;1843;236;51;2636;4293;2820;591;191;1577;14113;11878;66;11917;4003
2016-11-05T08:45:00;1162;369;168;1792;307;51;2637;4288;2850;591;320;1601;14265;11999;51;11967;4169
2016-11-05T09:00:00;1159;374;161;1774;357;51;2635;4300;2872;592;337;1632;14554;12262;48;12031;4213
2016-11-05T09:15:00;1158;377;132;1732;410;51;2632;4299;2896;595;433;1644;14724;12450;36;12066;4293
2016-11-05T09:30:00;1158;377;106;1704;476;51;2632;4298;2901;595;472;1661;14880;12594;36;12087;4344
2016-11-05T09:45:00;1159;374;90;1680;569;51;2631;4308;2901;593;613;1633;14951;12613;35;12066;4536
2016-11-05T10:00:00;1161;375;101;1619;662;51;2632;4316;2929;591;569;1624;15048;12666;37;12092;4538
2016-11-05T10:15:00;1160;371;128;1577;741;51;2632;4320;2948;590;517;1610;15138;12692;46;12100;4545
2016-11-05T10:30:00;1160;374;130;1552;809;51;2631;4320;2952;590;524;1636;15257;12766;33;12129;4600
2016-11-05T10:45:00;1163;366;140;1500;868;50;2630;4326;2945;591;441;1640;15289;12782;43;12132;4528
2016-11-05T11:00:00;1162;375;155;1447;903;50;2630;4417;2951;593;309;1651;15381;12876;9;12242;4401
2016-11-05T11:15:00;1161;376;173;1417;891;50;2630;4444;2952;592;356;1640;15435;12954;15;12258;4424
2016-11-05T11:30:00;1160;383;179;1391;875;50;2629;4450;2951;589;503;1653;15593;13149;4;12272;4541
2016-11-05T11:45:00;1161;377;160;1360;812;50;2629;4453;2950;589;532;1665;15500;13168;13;12286;4452
2016-11-05T12:00:00;1160;377;160;1315;806;50;2631;4417;2922;591;409;1742;15431;13151;7;12303;4277
2016-11-05T12:15:00;1161;365;173;1281;796;50;2628;4444;2912;591;430;1774;15359;13109;27;12349;4256
2016-11-05T12:30:00;1163;379;224;1232;810;50;2630;4467;2914;591;214;1753;15256;12991;4;12355;4072
2016-11-05T12:45:00;1161;370;252;1187;782;50;2628;4487;2910;592;198;1658;15114;12893;5;12275;4000
2016-11-05T13:00:00;1158;371;253;1172;750;50;2629;4502;2898;592;255;1588;15006;12832;10;12209;4009
2016-11-05T13:15:00;1156;362;247;1145;706;50;2626;4518;2900;588;175;1600;14846;12748;54;12232;3841
2016-11-05T13:30:00;1158;365;232;1143;638;50;2628;4538;2892;586;108;1612;14750;12737;87;12256;3694
2016-11-05T13:45:00;1156;363;264;1146;595;50;2626;4564;2822;584;89;1548;14527;12521;103;12144;3663
2016-11-05T14:00:00;1153;365;280;1122;562;50;2629;4632;2759;583;138;1512;14382;12418;99;12115;3670
2016-11-05T14:15:00;1153;365;296;1107;534;50;2626;4640;2738;579;115;1497;14283;12346;103;12080;3620
2016-11-05T14:30:00;1152;365;302;1087;518;50;2627;4641;2733;575;141;1480;14312;12405;89;12056;3615
2016-11-05T14:45:00;1154;361;263;1082;462;50;2624;4643;2761;576;141;1507;14266;12459;103;12111;3513
2016-11-05T15:00:00;1152;363;273;1069;401;50;2628;4649;2834;579;167;1514;14324;12581;77;12204;3475
2016-11-05T15:15:00;1152;359;322;1052;322;50;2626;4650;2838;580;163;1484;14251;12555;32;12178;3420
2016-11-05T15:30:00;1157;360;324;1032;235;50;2629;4654;2852;581;157;1496;14221;12631;10;12212;3315
2016-11-05T15:45:00;1158;358;289;1045;165;50;2631;4658;2855;582;243;1487;14157;12658;30;12213;3308
2016-11-05T16:00:00;1158;359;259;1077;102;50;2625;4663;2862;583;119;1562;14287;12850;32;12295;3124
2016-11-05T16:15:00;1159;365;283;1142;50;50;2628;4668;2874;583;257;1595;14488;13013;13;12348;3306
2016-11-05T16:30:00;1160;366;268;1165;17;50;2627;4671;2877;585;480;1583;14596;13146;11;12343;3506
2016-11-05T16:45:00;1162;363;271;1196;5;50;2628;4672;2885;578;538;1657;14806;13334;11;12420;3585
2016-11-05T17:00:00;1164;363;283;1188;3;50;2624;4668;2925;573;568;1701;15135;13661;10;12491;3619
2016-11-05T17:15:00;1165;360;279;1198;0;50;2625;4671;2935;572;841;1750;15445;13968;10;12553;3893
2016-11-05T17:30:00;1166;377;280;1230;0;50;2627;4665;2933;577;1068;1783;15655;14145;12;12585;4171
2016-11-05T17:45:00;1166;382;303;1289;0;50;2628;4666;2925;582;1087;1752;15680;14088;17;12553;4277
2016-11-05T18:00:00;1165;373;318;1357;0;50;2629;4668;2896;599;877;1750;15677;14002;18;12542;4140
2016-11-05T18:15:00;1164;361;306;1404;0;50;2628;4669;2896;602;776;1766;15674;13965;45;12561;4061
2016-11-05T18:30:00;1165;362;313;1466;0;50;2632;4669;2904;606;623;1794;15519;13741;87;12605;3979
2016-11-05T18:45:00;1166;360;285;1530;0;50;2631;4658;2899;609;480;1808;15355;13540;88;12605;3871
2016-11-05T19:00:00;1166;365;244;1566;0;50;2631;4645;2823;607;489;1844;15347;13537;85;12550;3880
2016-11-05T19:15:00;1164;359;245;1623;0;50;2632;4636;2757;609;353;1849;15092;13225;144;12483;3794
2016-11-05T19:30:00;1164;360;289;1662;0;50;2632;4623;2707;607;235;1842;14867;12917;202;12411;3760
2016-11-05T19:45:00;1160;359;319;1711;0;50;2628;4600;2638;604;231;1745;14626;12596;243;12215;3830
2016-11-05T20:00:00;1160;374;325;1787;0;49;2633;4602;2503;602;255;1716;14553;12442;102;12056;3950
2016-11-05T20:15:00;1159;364;333;1830;0;50;2630;4627;2422;601;110;1681;14110;11948;182;11961;3846
2016-11-05T20:30:00;1157;362;303;1869;0;50;2632;4624;2286;598;72;1567;13728;11556;273;11707;3813
2016-11-05T20:45:00;1157;363;274;1907;0;50;2631;4603;2210;598;77;1469;13521;11340;287;11511;3828
2016-11-05T21:00:00;1156;375;290;1889;0;50;2633;4507;2214;586;135;1528;13553;11374;137;11468;3895
2016-11-05T21:15:00;1156;371;304;1937;0;48;2630;4507;2171;581;86;1515;13401;11160;212;11404;3902
2016-11-05T21:30:00;1156;369;281;1996;0;48;2631;4503;2121;581;111;1475;13246;10969;245;11311;3961
2016-11-05T21:45:00;1156;365;279;2031;0;48;2628;4501;2054;579;109;1479;13145;10835;272;11241;3988
2016-11-05T22:00:00;1150;367;282;2079;0;48;2629;4510;2008;571;289;1462;13223;10862;153;11180;4215
2016-11-05T22:15:00;1148;375;256;2095;0;47;2621;4513;1956;566;134;1514;13128;10777;141;11170;4055
2016-11-05T22:30:00;1149;365;227;2067;0;47;2632;4517;1877;557;73;1543;12890;10597;158;11126;3928
2016-11-05T22:45:00;1148;366;258;2090;0;47;2633;4519;1788;554;96;1462;12784;10436;174;10956;4005
2016-11-05T23:00:00;1148;367;264;2120;0;47;2634;4518;1755;550;89;1300;12456;10072;302;10757;4035
2016-11-05T23:15:00;1147;367;262;2151;0;46;2628;4517;1698;549;222;1318;12196;9784;472;10710;4195
2016-11-05T23:30:00;1147;368;252;2179;0;46;2631;4518;1602;549;53;1328;12110;9679;478;10628;4045
2016-11-05T23:45:00;1131;362;241;2211;0;46;2608;4505;1497;548;22;1342;11802;9351;555;10500;4013
2016-11-06T00:00:00;1137;363;254;2202;0;46;2623;4556;1439;538;116;1257;11511;9055;582;10413;4118
2016-11-06T00:15:00;1141;358;251;2208;0;46;2613;4573;1377;539;98;1241;11346;8887;609;10343;4102
2016-11-06T00:30:00;1138;358;203;2261;0;46;2584;4547;1340;540;11;1246;11167;8703;664;10257;4017
2016-11-06T00:45:00;1135;358;178;2254;0;46;2589;4540;1212;541;10;1142;11014;8583;663;10024;3981
2016-11-06T01:00:00;1130;358;163;2244;0;46;2609;4529;1113;541;88;1051;10792;8385;776;9843;4029
2016-11-06T01:15:00;1120;355;163;2226;0;46;2606;4504;1041;536;22;1026;10587;8198;861;9713;3932
2016-11-06T01:30:00;1130;354;146;2247;0;45;2608;4508;1024;537;21;1039;10524;8131;922;9716;3943
2016-11-06T01:45:00;1131;353;140;2224;0;45;2600;4445;1011;536;23;1065;10417;8053;990;9657;3916
2016-11-06T02:00:00;1132;354;127;2208;0;45;2631;4389;981;534;41;1056;10474;8139;918;9591;3907
2016-11-06T02:15:00;1122;354;130;2193;0;45;2629;4343;948;533;26;1069;10364;8041;878;9522;3870
2016-11-06T02:30:00;1128;355;126;2170;0;45;2627;4310;947;532;29;1048;10327;8032;820;9464;3853
2016-11-06T02:45:00;1129;354;123;2154;0;45;2617;4293;933;529;118;1040;10257;7980;799;9412;3923
2016-11-06T03:00:00;1129;354;128;2196;0;45;2631;4344;937;532;114;1058;10338;8015;798;9502;3966
2016-11-06T03:15:00;1128;353;136;2171;0;45;2633;4364;937;532;40;1115;10380;8073;819;9581;3873
2016-11-06T03:30:00;1127;353;120;2176;0;45;2636;4370;941;532;43;1101;10437;8141;806;9580;3864
2016-11-06T03:45:00;1126;353;102;2169;0;45;2632;4402;933;532;31;1133;10318;8047;874;9632;3826
2016-11-06T04:00:00;1128;353;101;2133;0;45;2634;4456;914;530;129;1168;10434;8201;886;9702;3889
2016-11-06T04:15:00;1129;352;87;2111;0;45;2631;4473;915;526;39;1212;10414;8216;920;9757;3763
2016-11-06T04:30:00;1130;352;92;2094;0;45;2630;4490;910;525;126;1235;10469;8283;962;9790;3839
2016-11-06T04:45:00;1129;352;90;2080;0;45;2633;4521;916;531;123;1207;10534;8364;930;9808;3819
2016-11-06T05:00:00;1129;352;102;2045;0;46;2624;4555;964;550;26;1199;10431;8284;889;9892;3700
2016-11-06T05:15:00;1128;351;94;2031;0;49;2610;4537;986;553;104;1156;10385;8261;868;9842;3757
2016-11-06T05:30:00;1131;352;75;2052;0;50;2609;4534;1002;552;108;1150;10387;8261;864;9847;3768
2016-11-06T05:45:00;1129;352;69;2034;0;50;2576;4543;1029;552;112;1189;10383;8281;941;9889;3746
2016-11-06T06:00:00;1135;351;81;2047;0;50;2553;4600;1043;572;109;1288;10461;8333;756;10056;3773
2016-11-06T06:15:00;1137;351;122;1998;0;50;2558;4610;1111;577;112;1297;10527;8407;701;10153;3770
2016-11-06T06:30:00;1140;351;121;1975;0;51;2553;4616;1134;579;22;1323;10617;8521;721;10205;3660
2016-11-06T06:45:00;1140;353;82;1975;0;51;2561;4620;1146;582;107;1290;10701;8644;667;10199;3708
2016-11-06T07:00:00;1139;353;59;1983;4;51;2559;4623;1150;580;20;1301;10677;8631;614;10213;3609
2016-11-06T07:15:00;1146;355;39;1983;8;51;2559;4624;1149;579;27;1285;10776;8747;517;10196;3609
2016-11-06T07:30:00;1146;355;30;1984;27;51;2560;4626;1194;582;22;1278;10925;8884;333;10240;3615
2016-11-06T07:45:00;1148;354;25;1970;69;51;2560;4625;1283;582;140;1296;11152;9089;252;10346;3757
2016-11-06T08:00:00;1150;354;41;1933;136;51;2557;4625;1454;581;38;1322;11578;9468;160;10539;3703
2016-11-06T08:15:00;1151;353;54;1886;198;51;2569;4628;1532;582;298;1251;11827;9690;57;10562;3991
2016-11-06T08:30:00;1152;354;52;1819;274;51;2608;4636;1607;584;255;1279;12112;9968;9;10714;3957
2016-11-06T08:45:00;1155;360;46;1782;358;51;2632;4610;1641;584;348;1363;12254;10068;5;10830;4100
2016-11-06T09:00:00;1155;363;41;1761;446;51;2633;4584;1636;581;314;1512;12569;10322;45;10946;4131
2016-11-06T09:15:00;1158;368;44;1719;519;51;2634;4574;1659;584;159;1528;12739;10458;46;10979;4018
2016-11-06T09:30:00;1157;369;56;1673;617;51;2631;4564;1685;586;223;1560;12918;10573;12;11026;4146
2016-11-06T09:45:00;1156;370;77;1626;725;51;2632;4596;1728;584;227;1602;13127;10699;9;11142;4232
2016-11-06T10:00:00;1155;357;81;1602;791;51;2632;4612;1765;582;74;1674;13291;10818;35;11265;4111
2016-11-06T10:15:00;1154;362;81;1577;879;51;2634;4606;1800;582;89;1690;13430;10893;27;11312;4193
2016-11-06T10:30:00;1155;371;107;1572;926;51;2634;4615;1817;579;122;1677;13649;11044;19;11322;4304
2016-11-06T10:45:00;1158;372;135;1540;1003;51;2633;4621;1851;580;120;1687;13783;11104;19;11372;4379
2016-11-06T11:00:00;1155;373;153;1519;1048;51;2634;4625;1883;582;128;1722;14021;11302;16;11446;4427
2016-11-06T11:15:00;1157;383;165;1483;1123;51;2637;4630;1914;580;168;1714;14248;11478;7;11475;4530
2016-11-06T11:30:00;1159;386;169;1460;1134;51;2635;4633;1942;580;238;1755;14445;11682;4;11545;4597
2016-11-06T11:45:00;1159;380;192;1440;1113;51;2636;4628;1936;583;238;1736;14416;11671;4;11519;4573
2016-11-06T12:00:00;1158;377;207;1440;1092;51;2631;4627;1887;584;199;1764;14340;11602;56;11493;4524
2016-11-06T12:15:00;1158;377;222;1402;1113;51;2634;4633;1886;583;164;1717;14258;11521;57;11453;4487
2016-11-06T12:30:00;1159;378;248;1368;1091;51;2631;4623;1906;582;143;1647;14149;11441;57;11389;4438
2016-11-06T12:45:00;1160;377;257;1369;1033;51;2624;4615;1910;581;127;1612;13940;11282;66;11342;4374
2016-11-06T13:00:00;1159;385;271;1364;1021;51;2636;4599;1934;584;220;1663;13844;11189;6;11416;4471
2016-11-06T13:15:00;1160;377;304;1330;924;51;2629;4604;1935;582;139;1626;13665;11107;9;11376;4285
2016-11-06T13:30:00;1157;373;332;1269;899;51;2631;4609;1924;578;91;1599;13492;10993;46;11341;4172
2016-11-06T13:45:00;1156;376;332;1244;827;50;2637;4622;1895;576;86;1522;13362;10959;83;11252;4071
2016-11-06T14:00:00;1153;386;344;1190;731;50;2638;4642;1876;577;107;1461;13253;10988;97;11194;3961
2016-11-06T14:15:00;1152;386;406;1150;658;50;2637;4656;1873;579;97;1461;13210;10997;107;11206;3899
2016-11-06T14:30:00;1152;386;476;1087;589;50;2638;4650;1892;578;94;1481;13175;11023;110;11239;3834
2016-11-06T14:45:00;1150;383;519;1044;515;50;2636;4652;1889;579;75;1507;13100;11022;118;11263;3736
2016-11-06T15:00:00;1149;387;545;1008;416;50;2638;4651;1944;581;118;1593;13201;11232;110;11407;3673
2016-11-06T15:15:00;1149;387;571;1008;321;50;2637;4645;1960;582;108;1596;13135;11236;128;11420;3594
2016-11-06T15:30:00;1151;390;615;1028;214;50;2638;4656;1958;583;138;1583;13168;11311;122;11418;3586
2016-11-06T15:45:00;1151;384;639;1029;142;50;2638;4656;1964;584;120;1585;13116;11307;131;11427;3515
2016-11-06T16:00:00;1151;386;648;1049;86;50;2636;4657;1955;586;101;1564;13136;11353;226;11398;3471
2016-11-06T16:15:00;1150;395;649;1077;41;50;2636;4660;1974;586;115;1577;13209;11443;219;11433;3477
2016-11-06T16:30:00;1148;394;664;1176;16;50;2638;4659;2008;589;238;1556;13426;11570;199;11450;3686
2016-11-06T16:45:00;1150;399;674;1221;5;50;2638;4657;2036;589;394;1594;13848;11949;105;11514;3893
2016-11-06T17:00:00;1152;401;682;1252;3;50;2627;4644;2091;589;409;1796;14394;12458;89;11747;3949
2016-11-06T17:15:00;1155;405;733;1285;0;50;2635;4648;2151;590;636;1746;14651;12633;59;11770;4264
2016-11-06T17:30:00;1158;398;794;1305;0;50;2635;4641;2189;590;765;1729;14764;12666;83;11784;4470
2016-11-06T17:45:00;1158;398;812;1337;0;50;2636;4643;2223;594;759;1733;14783;12634;108;11829;4514
2016-11-06T18:00:00;1157;400;827;1375;0;50;2628;4642;2199;596;658;1791;14917;12716;104;11856;4467
2016-11-06T18:15:00;1161;406;866;1443;0;50;2636;4645;2181;598;626;1757;14934;12625;136;11817;4552
2016-11-06T18:30:00;1161;400;876;1504;0;51;2628;4645;2154;599;590;1743;14746;12366;196;11769;4582
2016-11-06T18:45:00;1161;401;879;1530;0;51;2618;4631;2114;590;611;1740;14645;12236;211;11693;4633
2016-11-06T19:00:00;1159;403;880;1567;0;51;2630;4640;2068;589;515;1763;14611;12164;150;11690;4575
2016-11-06T19:15:00;1157;408;887;1579;0;51;2634;4649;2076;591;382;1785;14458;11992;109;11735;4464
2016-11-06T19:30:00;1158;409;887;1588;0;51;2630;4646;2039;591;378;1783;14259;11784;155;11689;4471
2016-11-06T19:45:00;1158;409;889;1614;0;51;2620;4647;2014;592;220;1753;14077;11574;169;11626;4341
2016-11-06T20:00:00;1155;423;889;1628;0;50;2635;4652;2014;581;506;1732;14082;11565;104;11614;4651
2016-11-06T20:15:00;1155;417;894;1612;0;50;2632;4654;1987;580;331;1660;13770;11265;118;11513;4459
2016-11-06T20:30:00;1154;415;882;1629;0;50;2631;4648;1921;579;230;1648;13564;11053;125;11427;4360
2016-11-06T20:45:00;1155;413;865;1652;0;50;2629;4653;1863;576;165;1661;13438;10921;140;11382;4300
2016-11-06T21:00:00;1153;420;880;1632;0;49;2633;4639;1843;565;318;1653;13383;10872;92;11333;4452
2016-11-06T21:15:00;1154;422;888;1631;0;48;2632;4646;1830;564;268;1606;13372;10854;91;11278;4411
2016-11-06T21:30:00;1154;420;899;1662;0;48;2632;4642;1818;564;137;1537;13364;10804;152;11193;4320
2016-11-06T21:45:00;1152;420;905;1658;0;48;2626;4637;1831;566;299;1499;13374;10811;167;11159;4482
2016-11-06T22:00:00;1149;427;906;1621;0;48;2630;4621;1848;558;374;1479;13560;11034;64;11136;4525
2016-11-06T22:15:00;1146;430;908;1627;0;48;2625;4611;1810;552;217;1447;13398;10862;56;11045;4376
2016-11-06T22:30:00;1146;433;911;1616;0;48;2633;4606;1763;544;381;1498;13241;10715;72;11044;4535
2016-11-06T22:45:00;1142;435;911;1631;0;47;2631;4570;1629;522;203;1431;13012;10471;101;10783;4369
2016-11-06T23:00:00;1142;433;911;1658;0;43;2624;4562;1412;503;238;1263;12750;10181;137;10364;4425
2016-11-06T23:15:00;1139;431;911;1653;0;41;2613;4502;1256;498;219;1228;12500;9936;196;10097;4394
2016-11-06T23:30:00;1139;432;909;1627;0;40;2609;4361;1239;496;177;1302;12210;9674;266;10007;4324
2016-11-06T23:45:00;1139;436;907;1625;0;40;2612;4188;1197;493;136;1310;12075;9543;274;9800;4283
2016-11-07T00:00:00;1137;440;909;1625;0;40;2626;4049;1131;500;21;1159;11759;9225;615;9465;4172
2016-11-07T00:15:00;1136;435;908;1613;0;40;2621;3997;1095;500;17;1113;11504;8984;758;9326;4149
2016-11-07T00:30:00;1137;433;908;1608;0;40;2609;3977;1077;502;16;1090;11376;8860;858;9255;4142
2016-11-07T00:45:00;1132;432;908;1619;0;40;2609;3953;1066;499;210;1070;11316;8790;900;9197;4341
2016-11-07T01:00:00;1131;436;906;1636;0;40;2625;3871;1078;499;26;1085;11325;8784;784;9158;4175
2016-11-07T01:15:00;1131;434;903;1628;0;40;2615;3845;1074;499;22;1103;11181;8650;852;9136;4158
2016-11-07T01:30:00;1131;434;903;1635;0;40;2613;3847;1079;498;21;1119;11119;8582;908;9156;4164
2016-11-07T01:45:00;1128;433;899;1632;0;40;2612;3885;1070;499;13;1093;11056;8526;944;9159;4145
2016-11-07T02:00:00;1128;436;899;1608;0;40;2620;4039;1079;496;22;1065;11103;8597;856;9299;4133
2016-11-07T02:15:00;1129;439;900;1592;0;40;2609;4065;1068;497;13;1072;11110;8619;793;9311;4113
2016-11-07T02:30:00;1127;437;898;1562;0;40;2608;4117;1058;498;14;1058;11125;8665;792;9339;4078
2016-11-07T02:45:00;1122;437;903;1528;0;40;2596;4131;1049;509;15;1110;11035;8605;913;9395;4045
2016-11-07T03:00:00;1121;445;902;1506;0;40;2611;4098;1052;529;22;1077;11236;8828;850;9367;4036
2016-11-07T03:15:00;1124;445;902;1481;0;40;2611;4061;1057;547;32;1090;11327;8944;850;9366;4024
2016-11-07T03:30:00;1126;443;902;1489;0;40;2613;4026;1060;548;40;1134;11344;8954;767;9381;4040
2016-11-07T03:45:00;1129;442;903;1483;0;40;2620;4019;1058;547;41;1117;11382;8997;701;9361;4038
2016-11-07T04:00:00;1131;439;904;1466;0;40;2620;4003;1073;549;223;1247;11539;9169;759;9492;4203
2016-11-07T04:15:00;1133;440;903;1467;0;39;2614;4039;1086;550;21;1249;11683;9314;730;9538;4003
2016-11-07T04:30:00;1131;442;906;1452;0;40;2621;4103;1098;548;253;1212;11787;9429;627;9582;4224
2016-11-07T04:45:00;1131;443;903;1458;0;40;2618;4207;1122;560;246;1162;11936;9576;490;9669;4221
2016-11-07T05:00:00;1129;443;766;1452;0;40;2628;4371;1270;588;210;1269;12477;10259;283;10126;4040
2016-11-07T05:15:00;1129;439;767;1443;0;40;2617;4485;1429;592;32;1271;12590;10381;350;10394;3850
2016-11-07T05:30:00;1138;441;765;1449;0;39;2617;4550;1633;601;214;1254;12926;10713;304;10655;4046
2016-11-07T05:45:00;1135;440;763;1441;0;40;2624;4600;1827;624;36;1347;13440;11237;187;11022;3855
2016-11-07T06:00:00;1122;437;764;1482;0;43;2611;4621;2075;710;209;1693;14401;12155;472;11710;4057
2016-11-07T06:15:00;1135;440;748;1512;0;47;2635;4691;2386;808;238;1666;15162;12902;200;12186;4120
2016-11-07T06:30:00;1138;441;751;1514;0;50;2636;4701;2628;902;195;1778;15871;13607;229;12645;4089
2016-11-07T06:45:00;1142;448;752;1495;0;50;2637;4707;2822;1011;211;1762;16316;14069;171;12939;4098
2016-11-07T07:00:00;1142;441;734;1485;2;51;2632;4629;3052;1086;351;1921;16870;14649;5;13320;4206
2016-11-07T07:15:00;1143;442;731;1505;8;51;2637;4616;3168;1105;616;1967;17048;14804;4;13493;4496
2016-11-07T07:30:00;1144;441;718;1518;31;51;2639;4616;3254;1145;493;2008;17238;14972;4;13662;4396
2016-11-07T07:45:00;1147;437;714;1521;78;50;2637;4611;3324;1177;505;2069;17427;15115;4;13818;4452
2016-11-07T08:00:00;1150;435;700;1487;132;50;2636;4615;3423;1206;421;2051;17644;15326;2;13931;4375
2016-11-07T08:15:00;1152;432;671;1474;197;50;2638;4622;3485;1217;449;2059;17785;15443;2;14021;4425
2016-11-07T08:30:00;1151;435;679;1481;287;50;2638;4613;3539;1220;493;2077;17872;15426;2;14087;4576
2016-11-07T08:45:00;1155;440;665;1445;379;50;2638;4595;3589;1224;461;2081;17899;15411;2;14127;4595
2016-11-07T09:00:00;1154;441;650;1393;465;50;2638;4572;3619;1243;434;2110;17867;15360;2;14182;4587
2016-11-07T09:15:00;1148;439;654;1389;520;50;2637;4586;3674;1263;375;2029;17992;15429;2;14189;4575
2016-11-07T09:30:00;1151;436;632;1357;587;50;2638;4590;3703;1280;357;2063;18069;15494;3;14274;4570
2016-11-07T09:45:00;1150;431;630;1345;659;50;2639;4601;3700;1283;458;2090;18029;15395;2;14313;4723
2016-11-07T10:00:00;1149;444;640;1350;721;50;2640;4606;3706;1288;419;2069;18062;15351;3;14309;4773
2016-11-07T10:15:00;1151;437;610;1336;796;50;2639;4594;3708;1290;498;2064;18093;15351;3;14295;4878
2016-11-07T10:30:00;1150;428;595;1300;854;50;2639;4595;3719;1291;511;2077;18105;15358;4;14321;4888
2016-11-07T10:45:00;1150;428;594;1264;929;50;2638;4588;3699;1311;505;2100;18173;15387;4;14336;4920
2016-11-07T11:00:00;1148;427;574;1235;986;50;2639;4578;3705;1368;244;2021;18206;15413;4;14311;4664
2016-11-07T11:15:00;1148;428;561;1222;1009;50;2640;4575;3661;1417;498;2041;18320;15528;4;14334;4916
2016-11-07T11:30:00;1150;429;520;1212;1021;50;2640;4586;3649;1419;554;2050;18358;15606;4;14344;4936
2016-11-07T11:45:00;1152;438;498;1189;1047;50;2640;4583;3644;1416;386;2047;18359;15625;4;14330;4760
2016-11-07T12:00:00;1148;401;527;1160;1019;50;2642;4578;3657;1412;255;2045;18309;15603;20;14334;4560
2016-11-07T12:15:00;1150;428;526;1131;1059;50;2636;4568;3642;1410;447;2046;18238;15522;20;14302;4791
2016-11-07T12:30:00;1152;430;503;1088;1031;49;2640;4581;3650;1411;289;2057;18298;15677;8;14339;4542
2016-11-07T12:45:00;1148;428;486;1055;977;49;2637;4576;3655;1412;278;2070;18255;15737;34;14350;4421
2016-11-07T13:00:00;1146;429;479;1021;973;49;2640;4583;3680;1404;278;2051;18287;15813;57;14358;4375
2016-11-07T13:15:00;1145;429;449;1016;961;49;2639;4575;3687;1401;361;2027;18226;15801;60;14329;4410
2016-11-07T13:30:00;1146;437;443;976;930;49;2640;4578;3683;1398;322;2009;18123;15775;57;14308;4303
2016-11-07T13:45:00;1147;447;426;948;879;49;2635;4577;3691;1394;219;2003;17958;15706;65;14300;4115
2016-11-07T14:00:00;1147;436;397;915;812;49;2638;4571;3715;1373;526;2018;17890;15767;66;14315;4282
2016-11-07T14:15:00;1149;425;368;902;728;45;2638;4576;3737;1362;519;2044;17874;15876;44;14357;4136
2016-11-07T14:30:00;1150;434;357;903;645;44;2638;4570;3757;1363;349;2048;17822;15918;45;14376;3882
2016-11-07T14:45:00;1152;434;346;875;566;43;2637;4572;3771;1355;364;2065;17744;15957;36;14400;3780
2016-11-07T15:00:00;1154;425;352;851;497;42;2639;4562;3785;1343;279;2091;17805;16105;106;14420;3600
2016-11-07T15:15:00;1156;426;380;840;407;41;2637;4555;3793;1316;174;2135;17688;16061;107;14436;3424
2016-11-07T15:30:00;1158;441;403;816;298;41;2640;4562;3793;1321;236;2115;17636;16120;107;14431;3393
2016-11-07T15:45:00;1158;430;396;810;213;41;2639;4561;3795;1318;266;2111;17521;16103;107;14424;3314
2016-11-07T16:00:00;1161;430;366;803;112;41;2632;4565;3782;1355;277;2142;17450;16170;239;14476;3190
2016-11-07T16:15:00;1163;429;368;811;47;41;2640;4579;3790;1356;295;2109;17476;16250;106;14474;3154
2016-11-07T16:30:00;1162;430;380;832;15;41;2642;4584;3799;1363;360;2160;17574;16347;105;14548;3220
2016-11-07T16:45:00;1162;434;370;832;3;41;2642;4570;3822;1379;568;2156;17802;16597;110;14569;3410
2016-11-07T17:00:00;1163;442;351;836;2;41;2633;4553;3831;1391;839;2114;18109;16921;57;14522;3674
2016-11-07T17:15:00;1164;445;347;845;0;42;2641;4567;3850;1397;1081;2050;18344;17153;34;14505;3924
2016-11-07T17:30:00;1165;442;355;851;0;43;2640;4562;3860;1406;1082;2096;18482;17275;34;14564;3938
2016-11-07T17:45:00;1167;433;356;890;0;45;2638;4563;3855;1369;966;2203;18511;17266;33;14628;3857
2016-11-07T18:00:00;1168;431;357;910;0;49;2628;4562;3855;1330;746;2097;18384;17118;82;14472;3661
2016-11-07T18:15:00;1168;430;351;910;0;50;2635;4572;3851;1317;698;2130;18220;16960;149;14505;3607
2016-11-07T18:30:00;1168;426;328;891;0;50;2636;4574;3840;1311;652;2152;18151;16932;128;14513;3515
2016-11-07T18:45:00;1167;425;324;903;0;50;2639;4583;3827;1282;687;2090;18106;16880;103;14421;3556
2016-11-07T19:00:00;1165;426;300;906;0;50;2640;4654;3783;1239;682;2076;17939;16733;96;14392;3529
2016-11-07T19:15:00;1165;426;280;894;0;49;2642;4673;3782;1263;451;2144;17825;16652;36;14504;3265
2016-11-07T19:30:00;1165;424;286;885;0;50;2640;4672;3782;1295;364;2112;17671;16501;37;14501;3174
2016-11-07T19:45:00;1166;424;303;877;0;50;2640;4667;3716;1302;304;2130;17522;16342;101;14455;3124
2016-11-07T20:00:00;1163;441;353;879;0;50;2642;4664;3645;1323;554;2099;17285;16054;4;14373;3440
2016-11-07T20:15:00;1161;423;401;847;0;50;2639;4668;3603;1325;318;2046;16867;15618;36;14281;3200
2016-11-07T20:30:00;1165;430;427;833;0;50;2638;4670;3578;1310;216;2029;16556;15297;169;14225;3121
2016-11-07T20:45:00;1164;423;420;803;0;50;2629;4660;3530;1297;206;2005;16256;15033;262;14121;3066
2016-11-07T21:00:00;1161;428;372;775;0;50;2641;4650;3523;1267;87;1966;16106;14959;35;14047;2873
2016-11-07T21:15:00;1161;432;354;769;0;50;2638;4616;3523;1265;244;1961;15906;14783;63;14003;3010
2016-11-07T21:30:00;1164;422;346;761;0;49;2637;4575;3485;1246;57;1950;15700;14593;156;13893;2799
2016-11-07T21:45:00;1163;417;344;748;0;49;2628;4553;3413;1287;40;2023;15307;14215;391;13904;2761
2016-11-07T22:00:00;1158;424;335;738;0;49;2636;4565;3392;1324;189;1871;15357;14284;106;13788;2893
2016-11-07T22:15:00;1157;426;327;743;0;50;2635;4562;3313;1321;214;1836;15119;14050;97;13667;2917
2016-11-07T22:30:00;1155;421;323;731;0;50;2632;4547;3217;1319;154;1815;14762;13708;158;13530;2834
2016-11-07T22:45:00;1155;425;309;721;0;50;2632;4543;3085;1294;110;1815;14505;13475;188;13369;2770
2016-11-07T23:00:00;1153;429;305;705;0;49;2638;4553;3017;1245;158;1783;14280;13271;183;13236;2799
2016-11-07T23:15:00;1154;431;324;688;0;49;2625;4548;3015;1237;243;1726;13964;12952;291;13151;2889
2016-11-07T23:30:00;1156;439;331;678;0;49;2624;4559;2954;1216;243;1641;13675;12667;390;12994;2896
2016-11-07T23:45:00;1156;428;313;659;0;49;2616;4550;2855;1211;51;1689;13499;12527;455;12921;2656
2016-11-08T00:00:00;1148;433;303;645;0;49;2630;4567;2792;1218;257;1730;13351;12403;494;12937;2835
2016-11-08T00:15:00;1147;431;321;638;0;49;2626;4564;2727;1218;20;1712;13154;12195;493;12847;2606
2016-11-08T00:30:00;1145;433;331;627;0;49;2626;4560;2638;1221;263;1680;13017;12059;584;12725;2848
2016-11-08T00:45:00;1144;434;326;620;0;49;2596;4557;2620;1205;23;1667;12858;11912;700;12645;2596
2016-11-08T01:00:00;1145;444;316;602;0;49;2580;4568;2658;1195;154;1687;12700;11782;740;12688;2710
2016-11-08T01:15:00;1144;439;304;604;0;49;2585;4572;2644;1195;21;1711;12605;11697;835;12707;2561
2016-11-08T01:30:00;1143;435;278;601;0;49;2592;4571;2621;1195;14;1723;12487;11607;863;12702;2520
2016-11-08T01:45:00;1143;427;276;597;0;49;2583;4568;2593;1198;11;1739;12436;11564;904;12681;2503
2016-11-08T02:00:00;1142;430;271;599;0;49;2594;4577;2600;1232;16;1646;12420;11549;842;12649;2507
2016-11-08T02:15:00;1142;427;272;602;0;49;2602;4578;2567;1235;13;1557;12372;11499;743;12539;2505
2016-11-08T02:30:00;1143;427;268;614;0;49;2593;4566;2581;1230;14;1583;12442;11561;723;12553;2515
2016-11-08T02:45:00;1140;427;248;629;0;49;2590;4575;2578;1230;15;1624;12441;11565;750;12597;2508
2016-11-08T03:00:00;1137;429;247;635;0;49;2598;4560;2583;1241;18;1653;12477;11595;823;12635;2515
2016-11-08T03:15:00;1141;430;258;639;0;49;2609;4560;2565;1253;17;1639;12502;11605;833;12626;2534
2016-11-08T03:30:00;1140;429;262;649;0;49;2612;4562;2565;1257;17;1696;12548;11637;846;12692;2546
2016-11-08T03:45:00;1141;426;249;666;0;49;2614;4562;2585;1274;10;1733;12626;11711;817;12768;2541
2016-11-08T04:00:00;1143;425;244;678;0;49;2596;4561;2633;1294;9;1729;12800;11878;815;12813;2548
2016-11-08T04:15:00;1141;424;241;693;0;49;2582;4564;2719;1300;9;1680;12791;11858;857;12845;2557
2016-11-08T04:30:00;1139;436;245;727;0;49;2598;4566;2768;1301;13;1677;12908;11937;835;12910;2609
2016-11-08T04:45:00;1141;434;266;738;0;49;2605;4559;2851;1294;12;1682;13036;12032;839;12991;2640
2016-11-08T05:00:00;1144;426;273;752;0;49;2620;4553;2925;1246;186;1757;13350;12326;871;13101;2830
2016-11-08T05:15:00;1145;438;279;763;0;49;2627;4562;2951;1253;248;1793;13650;12608;763;13186;2922
2016-11-08T05:30:00;1146;430;268;761;0;49;2627;4553;3135;1245;16;1828;13828;12800;663;13388;2670
2016-11-08T05:45:00;1147;444;255;782;0;49;2627;4567;3357;1225;50;1962;14247;13210;638;13738;2727
2016-11-08T06:00:00;1147;433;255;788;0;49;2623;4557;3497;1228;216;2140;14989;13946;607;14045;2888
2016-11-08T06:15:00;1146;443;244;801;0;49;2629;4567;3624;1253;80;2107;15723;14678;201;14180;2763
2016-11-08T06:30:00;1148;448;234;811;0;49;2632;4559;3752;1306;419;2114;16189;15143;4;14363;3109
2016-11-08T06:45:00;1151;458;230;814;0;49;2633;4547;3892;1352;470;2244;16666;15622;1;14668;3172
2016-11-08T07:00:00;1153;446;201;832;3;49;2623;4530;3949;1362;581;2273;17134;16098;12;14737;3265
2016-11-08T07:15:00;1158;449;198;839;8;50;2634;4530;3977;1367;877;2357;17410;16365;3;14865;3579
2016-11-08T07:30:00;1159;443;193;854;35;50;2631;4529;3992;1368;914;2418;17599;16517;7;14938;3648
2016-11-08T07:45:00;1158;439;180;861;86;50;2632;4528;3993;1369;928;2439;17757;16631;0;14961;3702
2016-11-08T08:00:00;1158;440;171;861;136;50;2639;4535;4017;1371;766;2470;17960;16794;2;15032;3582
2016-11-08T08:15:00;1157;440;170;860;207;50;2645;4530;4040;1375;744;2484;18054;16817;1;15074;3628
2016-11-08T08:30:00;1160;441;173;854;292;50;2647;4528;4051;1390;665;2510;18133;16814;1;15126;3635
2016-11-08T08:45:00;1159;440;176;845;419;50;2647;4530;4052;1394;614;2491;18116;16677;1;15114;3703
2016-11-08T09:00:00;1159;437;174;825;523;50;2646;4531;4041;1402;430;2347;17947;16425;2;14967;3598
2016-11-08T09:15:00;1159;436;164;818;635;50;2645;4519;4052;1403;463;2337;18078;16460;1;14956;3725
2016-11-08T09:30:00;1159;437;149;816;743;50;2642;4520;4064;1403;434;2351;18113;16405;2;14980;3788
2016-11-08T09:45:00;1160;437;144;814;844;50;2640;4459;4062;1402;418;2381;18201;16398;1;14944;3867
2016-11-08T10:00:00;1158;438;137;818;935;50;2643;4388;4075;1399;696;2372;18287;16397;1;14877;4232
2016-11-08T10:15:00;1157;442;127;843;1044;50;2646;4204;4085;1399;906;2306;18264;16250;0;14640;4569
2016-11-08T10:30:00;1153;437;126;856;1117;50;2645;4207;4093;1407;788;2264;18313;16215;1;14616;4527
2016-11-08T10:45:00;1151;436;118;880;1160;50;2645;4202;4099;1421;678;2340;18400;16244;1;14707;4473
2016-11-08T11:00:00;1147;436;120;900;1174;50;2647;4222;4104;1420;581;2299;18446;16252;1;14692;4408
2016-11-08T11:15:00;1146;436;119;949;1153;50;2643;4203;4102;1423;543;2272;18467;16246;1;14643;4396
2016-11-08T11:30:00;1147;437;110;984;1146;50;2644;4180;4105;1433;503;2279;18523;16283;2;14641;4377
2016-11-08T11:45:00;1143;439;104;1000;1155;50;2645;4155;4100;1433;462;2295;18467;16208;1;14628;4353
2016-11-08T12:00:00;1139;440;106;1008;1153;50;2645;4094;4101;1442;437;2187;18400;16133;2;14469;4333
2016-11-08T12:15:00;1141;441;109;1019;1146;50;2642;4088;4078;1455;393;2168;18381;16107;1;14431;4299
2016-11-08T12:30:00;1137;445;105;1047;1159;50;2642;4085;4078;1469;379;2193;18347;16036;1;14467;4322
2016-11-08T12:45:00;1139;452;101;1051;1146;50;2641;4086;4092;1482;285;2243;18336;16038;0;14544;4224
2016-11-08T13:00:00;1142;450;99;1074;1150;50;2645;4105;4061;1484;216;2285;18364;16041;1;14580;4181
2016-11-08T13:15:00;1140;444;92;1063;1107;50;2644;4097;4019;1484;215;2229;18317;16056;13;14473;4111
2016-11-08T13:30:00;1138;443;88;1088;1087;50;2645;4118;4006;1485;200;2220;18240;15977;51;14474;4094
2016-11-08T13:45:00;1139;441;81;1129;1065;50;2638;4207;3983;1491;138;2227;18120;15845;86;14546;4043
2016-11-08T14:00:00;1135;456;75;1142;1003;50;2642;4215;3960;1492;243;2263;18084;15864;159;14572;4104
2016-11-08T14:15:00;1140;453;75;1157;911;50;2644;4250;3919;1493;247;2279;18051;15908;127;14585;4033
2016-11-08T14:30:00;1141;446;73;1133;829;50;2643;4318;3911;1491;198;2148;17960;15926;64;14511;3870
2016-11-08T14:45:00;1142;455;77;1123;718;50;2641;4363;3908;1487;241;2054;17920;16003;62;14453;3806
2016-11-08T15:00:00;1144;448;79;1108;590;50;2638;4415;3910;1490;433;2061;17920;16144;58;14514;3852
2016-11-08T15:15:00;1145;446;74;1111;458;50;2643;4437;3919;1491;428;2043;17804;16160;58;14533;3712
2016-11-08T15:30:00;1148;446;71;1131;324;50;2645;4457;3926;1491;407;2067;17739;16213;3;14586;3577
2016-11-08T15:45:00;1150;445;79;1121;207;50;2642;4486;3928;1492;465;2069;17728;16321;2;14617;3517
2016-11-08T16:00:00;1151;448;84;1146;111;50;2637;4522;3935;1516;571;2172;17776;16435;9;14782;3561
2016-11-08T16:15:00;1153;455;92;1143;46;50;2642;4548;3948;1542;657;2221;17810;16529;22;14901;3596
2016-11-08T16:30:00;1153;454;97;1145;13;50;2645;4544;3957;1559;747;2156;17859;16604;1;14861;3659
2016-11-08T16:45:00;1154;462;96;1171;3;50;2645;4550;3959;1594;801;2258;18061;16792;0;15006;3737
2016-11-08T17:00:00;1155;466;95;1217;2;50;2641;4535;3957;1605;985;2257;18434;17120;1;14995;3970
2016-11-08T17:15:00;1153;482;96;1227;0;51;2645;4543;3959;1606;1219;2274;18718;17395;0;15027;4228
2016-11-08T17:30:00;1152;478;94;1248;0;50;2644;4541;3962;1610;1368;2291;18835;17492;1;15048;4390
2016-11-08T17:45:00;1153;478;82;1250;0;51;2641;4545;3949;1610;1362;2310;18849;17518;0;15055;4376
2016-11-08T18:00:00;1153;468;101;1243;0;51;2639;4534;3944;1611;989;2196;18695;17351;1;14924;4005
2016-11-08T18:15:00;1154;456;115;1214;0;51;2640;4536;3948;1621;732;2360;18606;17278;0;15105;3722
2016-11-08T18:30:00;1157;454;132;1215;0;50;2642;4541;3939;1624;826;2250;18586;17239;1;14996;3834
2016-11-08T18:45:00;1158;463;138;1228;0;51;2641;4536;3921;1598;830;2228;18544;17177;0;14924;3868
2016-11-08T19:00:00;1157;459;149;1225;0;51;2640;4536;3738;1585;752;2202;18419;17045;11;14701;3793
2016-11-08T19:15:00;1156;454;157;1218;0;51;2639;4536;3704;1554;636;2169;18180;16806;10;14602;3672
2016-11-08T19:30:00;1155;453;160;1216;0;51;2639;4534;3692;1483;569;2132;18035;16659;1;14480;3604
2016-11-08T19:45:00;1151;452;169;1202;0;51;2635;4528;3692;1438;445;2161;17872;16501;99;14454;3470
2016-11-08T20:00:00;1146;448;184;1224;0;51;2642;4527;3660;1431;711;2050;17582;16173;1;14310;3764
2016-11-08T20:15:00;1149;448;196;1217;0;51;2640;4527;3661;1431;439;2114;17160;15748;0;14373;3500
2016-11-08T20:30:00;1147;448;211;1200;0;51;2638;4523;3646;1431;186;2072;16863;15452;3;14310;3243
2016-11-08T20:45:00;1147;449;214;1219;0;51;2636;4517;3625;1430;132;2105;16526;15093;215;14313;3212
2016-11-08T21:00:00;1146;449;205;1189;0;51;2642;4504;3613;1418;154;2037;16378;14985;135;14214;3194
2016-11-08T21:15:00;1147;450;231;1114;0;51;2638;4476;3604;1414;268;2054;16077;14732;319;14186;3261
2016-11-08T21:30:00;1146;449;241;1114;0;51;2636;4472;3566;1382;242;2079;15853;14499;483;14135;3243
2016-11-08T21:45:00;1144;448;245;1117;0;51;2628;4442;3509;1374;203;2042;15640;14278;582;13995;3208
2016-11-08T22:00:00;1140;448;236;1118;0;51;2634;4415;3419;1353;165;1887;15605;14251;150;13708;3158
2016-11-08T22:15:00;1140;450;243;1140;0;51;2635;4381;3344;1354;26;1854;15180;13797;235;13568;3050
2016-11-08T22:30:00;1139;452;254;1128;0;50;2638;4347;3225;1331;14;1875;14952;13569;309;13416;3037
2016-11-08T22:45:00;1135;443;282;1118;0;50;2632;4352;3109;1323;11;1905;14657;13258;425;13321;3039
2016-11-08T23:00:00;1131;442;288;1109;0;50;2641;4350;3005;1329;24;1827;14384;12988;396;13152;3044
2016-11-08T23:15:00;1133;440;296;1085;0;50;2636;4360;2909;1339;14;1805;14140;12760;626;13049;3018
2016-11-08T23:30:00;1132;439;281;1102;0;50;2639;4360;2833;1336;8;1868;13937;12554;803;13036;3012
2016-11-08T23:45:00;1132;440;279;1114;0;50;2632;4364;2699;1315;12;1895;13831;12438;841;12905;3027
2016-11-09T00:00:00;1130;449;263;1135;0;50;2603;4404;2629;1211;36;1698;13646;12248;797;12545;3063
2016-11-09T00:15:00;1130;444;276;1153;0;50;2608;4404;2510;1206;228;1662;13517;12088;774;12390;3281
2016-11-09T00:30:00;1128;447;288;1136;0;50;2610;4412;2382;1201;204;1719;13367;11944;801;12324;3253
2016-11-09T00:45:00;1127;442;293;1111;0;50;2604;4426;2305;1197;16;1706;13172;11769;858;12238;3039
2016-11-09T01:00:00;1123;441;307;1086;0;50;2599;4459;2218;1194;214;1603;13076;11683;714;12073;3221
2016-11-09T01:15:00;1124;443;308;1071;0;50;2608;4463;2162;1194;221;1638;12956;11576;755;12065;3217
2016-11-09T01:30:00;1124;447;290;1045;0;50;2611;4458;2138;1192;29;1648;12960;11625;756;12047;2985
2016-11-09T01:45:00;1124;444;296;1005;0;50;2623;4453;2126;1192;215;1622;12858;11557;802;12016;3134
2016-11-09T02:00:00;1121;440;283;1022;0;50;2623;4454;2146;1188;19;1564;12631;11325;895;11975;2935
2016-11-09T02:15:00;1112;436;279;967;0;50;2621;4448;2159;1193;206;1605;12735;11489;845;12026;3050
2016-11-09T02:30:00;1112;437;285;941;0;50;2623;4457;2136;1202;191;1597;12755;11529;846;12015;3016
2016-11-09T02:45:00;1109;436;282;921;0;50;2615;4459;2143;1204;207;1575;12740;11538;857;11996;3005
2016-11-09T03:00:00;1105;435;275;891;0;49;2592;4466;2199;1225;24;1539;12763;11598;732;12021;2779
2016-11-09T03:15:00;1113;435;274;865;0;49;2595;4456;2215;1235;22;1497;12846;11707;625;11998;2758
2016-11-09T03:30:00;1114;435;269;853;0;48;2597;4452;2237;1250;22;1510;12902;11780;593;12046;2741
2016-11-09T03:45:00;1114;434;272;853;0;48;2602;4421;2248;1260;21;1566;12973;11849;592;12097;2742
2016-11-09T04:00:00;1115;434;266;857;0;48;2606;4400;2245;1288;21;1680;13030;11906;614;12219;2741
2016-11-09T04:15:00;1115;433;260;865;0;50;2606;4404;2277;1292;21;1714;13206;12081;568;12293;2744
2016-11-09T04:30:00;1113;433;244;872;0;50;2609;4401;2314;1294;22;1731;13331;12215;525;12349;2734
2016-11-09T04:45:00;1110;432;229;865;0;50;2621;4396;2421;1293;22;1819;13449;12355;538;12550;2708
2016-11-09T05:00:00;1111;433;215;870;0;50;2636;4385;2570;1310;21;1898;13788;12703;618;12799;2700
2016-11-09T05:15:00;1112;432;205;881;0;50;2640;4389;2714;1326;21;1907;14002;12916;576;12976;2701
2016-11-09T05:30:00;1117;429;192;903;0;50;2639;4406;2852;1332;22;1855;14188;13093;401;13084;2713
2016-11-09T05:45:00;1119;428;177;900;0;50;2638;4432;2964;1336;21;1934;14506;13429;296;13304;2695
2016-11-09T06:00:00;1114;427;164;912;0;50;2627;4420;3150;1311;17;1999;15126;14050;202;13507;2684
2016-11-09T06:15:00;1120;429;173;913;0;50;2639;4444;3320;1354;26;2069;15807;14721;97;13826;2711
2016-11-09T06:30:00;1122;428;183;919;0;50;2640;4458;3530;1370;380;2044;16320;15219;68;14042;3082
2016-11-09T06:45:00;1126;433;189;953;0;50;2640;4450;3659;1393;538;2076;16807;15665;51;14218;3289
2016-11-09T07:00:00;1127;426;192;981;1;50;2635;4443;3749;1412;284;2136;17228;16055;51;14375;3061
2016-11-09T07:15:00;1129;428;200;965;6;50;2638;4448;3842;1425;445;2163;17432;16262;78;14516;3223
2016-11-09T07:30:00;1132;429;198;965;28;50;2642;4458;3891;1433;447;2193;17647;16455;33;14617;3249
2016-11-09T07:45:00;1129;425;227;948;105;50;2642;4464;3904;1437;502;2235;17803;16523;37;14682;3386
2016-11-09T08:00:00;1125;425;237;938;224;50;2641;4459;3926;1437;704;2207;17931;16534;47;14670;3703
2016-11-09T08:15:00;1126;426;215;972;307;50;2642;4445;3932;1439;740;2219;17990;16496;45;14677;3836
2016-11-09T08:30:00;1127;424;230;933;449;49;2641;4437;3940;1439;642;2224;18047;16435;50;14681;3854
2016-11-09T08:45:00;1128;424;221;913;588;48;2641;4414;3945;1438;525;2228;18058;16337;46;14666;3847
2016-11-09T09:00:00;1129;426;200;901;737;49;2639;4415;3947;1435;697;2223;17982;16144;31;14659;4139
2016-11-09T09:15:00;1131;425;202;867;880;49;2638;4429;3944;1436;679;2208;18068;16119;23;14655;4233
2016-11-09T09:30:00;1134;425;208;817;1034;49;2638;4435;3942;1447;504;2244;18112;16054;47;14706;4171
2016-11-09T09:45:00;1135;426;208;799;1171;49;2637;4432;3938;1446;376;2265;18182;16004;62;14718;4164
2016-11-09T10:00:00;1130;427;207;765;1322;49;2639;4432;3952;1445;381;2207;18243;15949;62;14675;4281
2016-11-09T10:15:00;1128;424;206;725;1480;49;2640;4430;3956;1454;285;2178;18247;15837;62;14658;4297
2016-11-09T10:30:00;1128;422;195;696;1632;49;2641;4438;3962;1469;272;2168;18325;15803;62;14678;4394
2016-11-09T10:45:00;1131;420;178;663;1757;49;2640;4434;3961;1501;418;2116;18327;15728;88;14652;4616
2016-11-09T11:00:00;1132;419;173;648;1848;49;2641;4368;3937;1517;380;2080;18352;15683;80;14543;4649
2016-11-09T11:15:00;1134;419;161;632;1914;49;2640;4362;3924;1480;402;2064;18400;15694;83;14470;4711
2016-11-09T11:30:00;1111;415;151;651;1936;49;2640;4350;3903;1476;405;2049;18462;15725;86;14418;4718
2016-11-09T11:45:00;1119;415;137;646;2003;49;2639;4335;3882;1471;408;2063;18451;15666;92;14390;4777
2016-11-09T12:00:00;1131;418;119;645;1973;49;2640;4345;3855;1519;414;2083;18325;15589;91;14442;4749
2016-11-09T12:15:00;1133;418;101;625;1903;49;2639;4354;3827;1554;340;2212;18259;15630;90;14586;4569
2016-11-09T12:30:00;1134;419;89;615;1912;49;2640;4348;3876;1555;300;2195;18286;15670;68;14614;4518
2016-11-09T12:45:00;1132;421;81;597;1866;49;2638;4355;3905;1556;280;2253;18269;15725;45;14707;4426
2016-11-09T13:00:00;1133;425;76;586;1739;49;2640;4358;3946;1540;185;2246;18283;15883;50;14730;4193
2016-11-09T13:15:00;1135;426;75;600;1559;49;2641;4358;3986;1502;224;2225;18239;16006;45;14712;4068
2016-11-09T13:30:00;1136;425;74;600;1387;49;2640;4351;4007;1515;197;2242;18159;16099;34;14755;3868
2016-11-09T13:45:00;1140;424;74;604;1267;49;2637;4334;4049;1517;365;2201;17985;16040;34;14738;3923
2016-11-09T14:00:00;1148;421;72;618;1101;49;2641;4324;4065;1523;424;2162;17953;16162;33;14715;3833
2016-11-09T14:15:00;1150;420;69;640;932;49;2640;4315;4056;1523;489;2216;17935;16296;33;14750;3749
2016-11-09T14:30:00;1149;420;57;654;807;49;2640;4321;4057;1524;635;2229;17955;16438;33;14771;3771
2016-11-09T14:45:00;1150;424;51;690;661;49;2637;4320;4070;1528;703;2224;17897;16496;24;14779;3728
2016-11-09T15:00:00;1147;418;53;722;510;49;2636;4331;4082;1535;873;2191;17924;16638;24;14775;3772
2016-11-09T15:15:00;1151;421;50;787;366;50;2637;4341;4121;1537;905;2110;17890;16687;42;14746;3730
2016-11-09T15:30:00;1156;433;44;801;247;50;2639;4349;4135;1537;954;2128;17860;16768;41;14788;3685
2016-11-09T15:45:00;1156;433;46;842;139;50;2637;4354;4137;1537;880;2125;17806;16780;36;14790;3546
2016-11-09T16:00:00;1155;423;49;929;60;50;2633;4352;4143;1537;614;2147;17881;16843;37;14812;3280
2016-11-09T16:15:00;1157;422;57;990;20;50;2639;4355;4135;1537;668;2131;17946;16880;37;14797;3364
2016-11-09T16:30:00;1155;423;58;1061;4;50;2637;4351;4143;1542;849;2118;18082;16960;37;14791;3600
2016-11-09T16:45:00;1152;442;58;1162;0;50;2639;4360;4144;1547;962;2174;18328;17107;35;14864;3826
2016-11-09T17:00:00;1150;445;68;1243;0;50;2634;4346;4141;1546;1002;2233;18622;17310;35;14900;3958
2016-11-09T17:15:00;1147;443;75;1282;0;50;2639;4353;4137;1547;995;2339;18754;17398;34;15015;3992
2016-11-09T17:30:00;1149;443;80;1353;0;50;2638;4347;4146;1548;1015;2321;18835;17401;34;15000;4090
2016-11-09T17:45:00;1151;443;86;1440;0;50;2639;4354;4140;1551;937;2313;18859;17332;34;14997;4107
2016-11-09T18:00:00;1152;442;95;1575;0;50;2633;4352;4137;1555;681;2268;18742;17072;33;14945;3995
2016-11-09T18:15:00;1151;419;106;1648;0;50;2634;4348;4124;1554;610;2250;18578;16824;72;14910;3984
2016-11-09T18:30:00;1154;417;107;1709;0;50;2638;4353;4110;1538;657;2239;18593;16778;78;14878;4094
2016-11-09T18:45:00;1151;417;114;1781;0;50;2637;4369;4094;1500;678;2126;18519;16624;75;14726;4191
2016-11-09T19:00:00;1149;437;116;1820;0;50;2638;4395;4105;1467;426;2203;18454;16518;44;14808;3998
2016-11-09T19:15:00;1150;418;120;1853;0;50;2637;4400;4084;1460;166;2181;18170;16197;108;14762;3757
2016-11-09T19:30:00;1149;416;123;1864;0;50;2638;4406;4058;1445;93;2184;18026;16039;178;14731;3695
2016-11-09T19:45:00;1148;416;130;1876;0;50;2636;4409;4066;1434;90;2088;17794;15788;277;14633;3710
2016-11-09T20:00:00;1145;414;134;1911;0;50;2639;4417;4024;1432;461;2090;17528;15484;49;14602;4115
2016-11-09T20:15:00;1144;414;138;1916;0;50;2636;4416;4007;1430;152;2121;17126;15072;61;14610;3814
2016-11-09T20:30:00;1145;416;144;1934;0;50;2638;4406;3935;1418;318;2016;16920;14843;86;14413;4007
2016-11-09T20:45:00;1146;415;150;1938;0;50;2636;4405;3785;1409;276;2008;16651;14564;179;14243;3975
2016-11-09T21:00:00;1145;431;152;1957;0;50;2640;4428;3671;1367;316;1942;16456;14347;94;14048;4051
2016-11-09T21:15:00;1145;422;150;1960;0;50;2638;4416;3645;1293;107;1990;16274;14164;158;13982;3834
2016-11-09T21:30:00;1141;417;147;1994;0;50;2635;4417;3583;1224;245;2082;15989;13849;376;13941;3994
2016-11-09T21:45:00;1139;417;146;1974;0;50;2628;4416;3462;1168;62;2076;15711;13591;399;13750;3788
2016-11-09T22:00:00;1131;428;146;1942;0;50;2638;4440;3387;1135;101;1959;15686;13599;100;13559;3798
2016-11-09T22:15:00;1128;420;142;1971;0;50;2635;4431;3336;1132;110;2026;15417;13304;346;13560;3821
2016-11-09T22:30:00;1131;424;134;1957;0;50;2638;4437;3166;1132;132;2019;15187;13096;398;13392;3828
2016-11-09T22:45:00;1135;425;130;1937;0;50;2633;4433;3011;1123;40;1927;14909;12842;406;13127;3717
2016-11-09T23:00:00;1132;427;122;1950;0;50;2638;4511;2840;1082;195;1666;14567;12496;367;12737;3876
2016-11-09T23:15:00;1131;428;115;1973;0;50;2635;4514;2738;1077;175;1605;14219;12131;556;12569;3872
2016-11-09T23:30:00;1131;431;103;1964;0;50;2637;4509;2610;1063;185;1636;13928;11861;701;12455;3864
2016-11-09T23:45:00;1131;429;91;1968;0;50;2630;4506;2484;1054;193;1655;13725;11666;762;12329;3862
2016-11-10T00:00:00;1128;435;83;1913;0;50;2630;4526;2382;1018;23;1725;13513;11517;711;12281;3632
2016-11-10T00:15:00;1128;436;77;1881;0;50;2637;4524;2297;993;177;1666;13275;11318;731;12117;3749
2016-11-10T00:30:00;1127;436;73;1857;0;50;2634;4515;2264;981;19;1674;13168;11237;777;12068;3562
2016-11-10T00:45:00;1128;431;65;1875;0;50;2632;4513;2244;958;164;1679;13065;11124;800;12026;3713
2016-11-10T01:00:00;1130;441;61;1903;0;50;2627;4523;2239;985;23;1618;12978;11014;763;11992;3608
2016-11-10T01:15:00;1130;437;57;1910;0;50;2622;4511;2190;978;20;1622;12810;10843;820;11923;3604
2016-11-10T01:30:00;1130;437;54;1911;0;50;2611;4515;2154;973;19;1607;12706;10741;842;11860;3601
2016-11-10T01:45:00;1130;434;57;1936;0;50;2594;4509;2134;965;16;1567;12544;10551;917;11769;3623
2016-11-10T02:00:00;1132;437;55;1905;0;50;2586;4509;2108;972;21;1549;12450;10490;888;11724;3600
2016-11-10T02:15:00;1132;431;53;1887;0;50;2581;4497;2094;960;9;1540;12431;10491;878;11672;3562
2016-11-10T02:30:00;1132;432;50;1851;0;50;2594;4439;2144;979;12;1570;12471;10570;872;11726;3527
2016-11-10T02:45:00;1133;431;44;1813;0;50;2604;4446;2153;956;9;1589;12451;10594;869;11748;3480
2016-11-10T03:00:00;1131;435;44;1777;0;50;2606;4447;2126;942;13;1686;12649;10828;806;11807;3450
2016-11-10T03:15:00;1132;432;45;1692;0;50;2614;4452;2125;949;13;1616;12689;10953;654;11756;3364
2016-11-10T03:30:00;1131;433;49;1652;0;50;2613;4451;2122;947;10;1623;12672;10971;638;11756;3325
2016-11-10T03:45:00;1129;430;54;1622;0;50;2602;4459;2134;944;9;1669;12676;11000;631;11808;3294
2016-11-10T04:00:00;1129;434;58;1598;0;50;2594;4456;2151;940;14;1691;12740;11084;778;11832;3283
2016-11-10T04:15:00;1131;435;57;1576;0;50;2586;4459;2196;950;16;1718;12864;11231;797;11909;3265
2016-11-10T04:30:00;1130;437;60;1547;0;50;2586;4461;2255;940;18;1636;13014;11407;626;11878;3242
2016-11-10T04:45:00;1133;435;65;1531;0;50;2604;4453;2403;955;18;1593;13207;11612;550;12008;3232
2016-11-10T05:00:00;1137;433;64;1508;0;50;2591;4458;2620;954;58;1570;13418;11846;549;12193;3250
2016-11-10T05:15:00;1138;435;65;1483;0;50;2604;4467;2745;999;79;1596;13578;12030;562;12411;3250
2016-11-10T05:30:00;1139;436;68;1497;0;50;2632;4464;2869;1053;18;1813;13856;12291;702;12831;3208
2016-11-10T05:45:00;1139;436;66;1483;0;50;2636;4470;3040;1099;28;1938;14267;12718;681;13183;3202
2016-11-10T06:00:00;1137;424;65;1447;0;50;2613;4427;3244;1218;13;2093;14921;13409;649;13595;3136
2016-11-10T06:15:00;1140;430;70;1468;0;50;2627;4465;3440;1332;32;2042;15544;14005;369;13906;3190
2016-11-10T06:30:00;1139;429;77;1447;0;50;2636;4475;3638;1371;43;2101;16190;14667;77;14221;3185
2016-11-10T06:45:00;1140;430;79;1444;0;50;2636;4471;3832;1389;380;2161;16699;15175;32;14489;3523
2016-11-10T07:00:00;1143;432;86;1431;3;50;2625;4470;3909;1397;95;2283;17167;15648;162;14684;3240
2016-11-10T07:15:00;1143;435;97;1393;4;50;2631;4482;3945;1399;221;2277;17364;15870;110;14734;3343
2016-11-10T07:30:00;1140;430;101;1375;17;50;2635;4479;3907;1402;340;2321;17578;16085;51;14744;3453
2016-11-10T07:45:00;1140;429;94;1327;47;50;2635;4481;3950;1429;372;2339;17784;16317;25;14834;3459
2016-11-10T08:00:00;1142;431;93;1308;89;50;2635;4474;4008;1441;409;2339;17968;16479;29;14897;3522
2016-11-10T08:15:00;1141;433;96;1295;145;50;2636;4482;4025;1444;409;2400;18093;16557;10;14987;3569
2016-11-10T08:30:00;1139;434;90;1275;218;50;2636;4481;4037;1452;419;2424;18191;16608;29;15030;3625
2016-11-10T08:45:00;1142;433;88;1239;284;50;2636;4485;4026;1469;367;2436;18219;16608;50;15052;3603
2016-11-10T09:00:00;1142;434;93;1207;361;50;2634;4477;4017;1483;530;2281;18109;16449;57;14892;3817
2016-11-10T09:15:00;1141;434;99;1185;431;50;2633;4477;4034;1485;522;2347;18226;16512;48;14976;3862
2016-11-10T09:30:00;1136;426;99;1138;482;50;2629;4474;4037;1484;605;2320;18307;16589;39;14944;3936
2016-11-10T09:45:00;1139;434;101;1118;549;50;2629;4486;4050;1489;567;2298;18407;16639;37;14952;3958
2016-11-10T10:00:00;1143;436;103;1037;596;50;2631;4503;4086;1515;585;2308;18410;16674;49;15043;3950
2016-11-10T10:15:00;1139;436;121;1018;647;50;2629;4508;4098;1537;500;2282;18402;16616;64;15054;3911
2016-11-10T10:30:00;1135;435;133;978;709;50;2628;4522;4113;1538;476;2287;18438;16619;65;15088;3916
2016-11-10T10:45:00;1136;435;141;944;757;50;2628;4532;4117;1540;477;2263;18510;16668;64;15080;3940
2016-11-10T11:00:00;1140;436;149;902;799;50;2632;4542;4112;1539;367;2252;18549;16700;44;15077;3843
2016-11-10T11:15:00;1141;436;153;884;866;50;2636;4550;4111;1543;411;2253;18602;16699;34;15093;3941
2016-11-10T11:30:00;1142;438;134;850;900;50;2636;4510;4113;1543;488;2287;18663;16779;34;15089;4002
2016-11-10T11:45:00;1144;437;121;872;954;50;2636;4482;4113;1534;556;2261;18670;16724;34;15026;4134
2016-11-10T12:00:00;1141;440;117;892;962;50;2635;4473;4098;1532;514;2327;18596;16626;34;15065;4116
2016-11-10T12:15:00;1140;435;118;864;974;50;2632;4470;4107;1533;408;2342;18563;16607;41;15084;3989
2016-11-10T12:30:00;1142;435;119;835;912;50;2636;4480;4087;1536;475;2273;18507;16642;33;15012;3968
2016-11-10T12:45:00;1142;434;123;848;880;50;2633;4472;4082;1537;603;2193;18458;16608;33;14917;4080
2016-11-10T13:00:00;1143;433;130;827;880;50;2634;4475;4111;1539;428;2143;18446;16609;33;14902;3891
2016-11-10T13:15:00;1143;431;134;790;851;50;2634;4472;4120;1539;407;2145;18408;16633;33;14910;3806
2016-11-10T13:30:00;1144;429;129;758;786;50;2634;4476;4123;1541;340;2157;18301;16628;33;14931;3636
2016-11-10T13:45:00;1145;423;124;716;720;50;2622;4471;4119;1542;237;2174;18115;16555;45;14928;3415
2016-11-10T14:00:00;1144;419;123;687;706;50;2583;4470;4123;1544;357;2095;18073;16558;26;14815;3486
2016-11-10T14:15:00;1141;418;113;670;637;50;2559;4469;4121;1538;395;2111;18070;16650;7;14798;3424
2016-11-10T14:30:00;1141;415;121;653;551;50;2562;4468;4113;1519;463;2166;18096;16772;12;14828;3394
2016-11-10T14:45:00;1138;415;141;660;465;50;2561;4469;4112;1537;433;2195;18059;16794;11;14874;3302
2016-11-10T15:00:00;1145;417;155;635;376;50;2588;4467;4118;1560;664;2194;18059;16894;3;14927;3442
2016-11-10T15:15:00;1148;419;172;613;288;50;2624;4467;4128;1569;566;2239;18016;16943;3;15027;3256
2016-11-10T15:30:00;1149;420;194;628;210;50;2630;4467;4112;1573;630;2223;17970;16938;3;15005;3281
2016-11-10T15:45:00;1152;420;219;626;124;50;2631;4473;4113;1586;569;2234;17880;16912;3;15037;3160
2016-11-10T16:00:00;1154;420;222;638;65;50;2621;4467;4103;1599;564;2226;17849;16924;73;15016;3113
2016-11-10T16:15:00;1155;419;224;658;29;50;2626;4465;4097;1599;682;2202;17935;17024;76;14989;3217
2016-11-10T16:30:00;1148;417;223;688;9;50;2631;4462;4090;1637;811;2203;18023;17103;70;15023;3346
2016-11-10T16:45:00;1150;418;239;718;3;50;2633;4468;4085;1660;989;2273;18315;17355;22;15119;3567
2016-11-10T17:00:00;1150;418;271;744;0;50;2626;4452;4099;1665;927;2352;18585;17570;0;15194;3560
2016-11-10T17:15:00;1152;418;313;765;0;50;2631;4461;4099;1674;1018;2302;18744;17666;0;15167;3716
2016-11-10T17:30:00;1152;418;357;784;0;50;2631;4462;4102;1676;1083;2275;18756;17616;0;15146;3844
2016-11-10T17:45:00;1152;418;385;824;0;50;2631;4464;4157;1678;1037;2226;18745;17536;0;15156;3866
2016-11-10T18:00:00;1150;419;385;851;0;50;2626;4457;4162;1663;669;2262;18620;17384;44;15170;3524
2016-11-10T18:15:00;1145;417;402;852;0;50;2617;4454;4180;1640;642;2277;18478;17224;94;15168;3508
2016-11-10T18:30:00;1143;414;413;880;0;50;2620;4448;4203;1601;625;2292;18395;17101;103;15164;3525
2016-11-10T18:45:00;1141;415;422;896;0;50;2621;4451;4207;1554;650;2245;18346;17028;101;15078;3574
2016-11-10T19:00:00;1145;412;434;896;0;50;2629;4430;4196;1518;583;2234;18291;16961;72;15007;3520
2016-11-10T19:15:00;1145;411;445;884;0;50;2632;4391;4191;1479;445;2234;18118;16789;65;14927;3380
2016-11-10T19:30:00;1145;419;460;898;0;50;2631;4398;4164;1468;437;2165;17908;16550;95;14826;3409
2016-11-10T19:45:00;1147;416;484;914;0;50;2620;4392;4134;1461;370;2240;17689;16292;248;14847;3381
2016-11-10T20:00:00;1146;431;479;913;0;50;2631;4379;4129;1432;447;2111;17535;16144;24;14682;3466
2016-11-10T20:15:00;1146;421;484;949;0;50;2631;4382;4119;1433;418;2086;17112;15680;76;14651;3468
2016-11-10T20:30:00;1145;418;504;942;0;50;2630;4378;4131;1420;150;2129;16802;15356;296;14688;3209
2016-11-10T20:45:00;1147;418;511;930;0;50;2625;4371;4109;1399;90;2172;16593;15152;493;14676;3146
2016-11-10T21:00:00;1138;416;506;932;0;50;2632;4366;4068;1368;302;2094;16510;15071;310;14528;3344
2016-11-10T21:15:00;1136;413;514;927;0;50;2619;4350;4030;1360;205;2046;16218;14777;272;14405;3245
2016-11-10T21:30:00;1137;413;516;938;0;50;2623;4345;3882;1336;271;2035;15924;14469;284;14221;3325
2016-11-10T21:45:00;1138;418;502;931;0;50;2622;4350;3670;1322;230;2003;15845;14412;206;13967;3269
2016-11-10T22:00:00;1141;433;493;933;0;50;2631;4300;3465;1330;137;1955;15820;14394;102;13681;3187
2016-11-10T22:15:00;1143;425;492;936;0;50;2629;4227;3343;1258;72;1998;15565;14137;101;13455;3118
2016-11-10T22:30:00;1141;420;483;923;0;50;2630;4173;3246;1188;25;2027;15123;13717;166;13264;3042
2016-11-10T22:45:00;1138;419;475;919;0;50;2628;4156;3079;1136;26;2053;14876;13482;274;13052;3027
2016-11-10T23:00:00;1135;423;481;907;0;50;2633;4157;3011;1085;48;1987;14622;13233;273;12873;3044
2016-11-10T23:15:00;1134;417;490;900;0;50;2631;4028;2991;1056;182;1934;14324;12934;319;12640;3173
2016-11-10T23:30:00;1134;418;494;894;0;50;2632;4026;2873;1056;32;1866;14116;12728;493;12453;3022
2016-11-10T23:45:00;1136;418;509;902;0;50;2622;4014;2766;1059;27;1866;13862;12451;592;12327;3042
2016-11-11T00:00:00;1129;425;468;932;0;50;2632;4018;2737;1101;147;1894;13630;12230;423;12382;3151
2016-11-11T00:15:00;1123;419;456;936;0;50;2630;4014;2758;1109;51;1863;13451;12059;414;12374;3035
2016-11-11T00:30:00;1116;415;484;941;0;50;2620;4025;2732;1110;35;1915;13242;11817;641;12402;3041
2016-11-11T00:45:00;1117;414;487;953;0;50;2614;4030;2677;1110;25;1913;13090;11650;695;12344;3046
2016-11-11T01:00:00;1117;414;480;939;0;50;2622;4052;2697;1111;23;1704;12993;11573;305;12186;3023
2016-11-11T01:15:00;1115;414;475;947;0;50;2612;4053;2696;1111;14;1747;12871;11449;552;12219;3015
2016-11-11T01:30:00;1109;421;459;949;0;50;2616;4059;2679;1111;12;1741;12859;11451;628;12206;3000
2016-11-11T01:45:00;1110;429;450;937;0;50;2616;4057;2678;1110;11;1729;12779;11391;654;12190;2987
2016-11-11T02:00:00;1114;430;431;936;0;50;2620;4081;2680;1093;179;1692;12706;11339;660;12166;3140
2016-11-11T02:15:00;1119;428;440;975;0;50;2612;4081;2672;1088;166;1700;12603;11189;743;12153;3178
2016-11-11T02:30:00;1122;423;431;1001;0;50;2606;4074;2668;1079;199;1707;12609;11177;777;12134;3226
2016-11-11T02:45:00;1125;424;448;999;0;50;2601;4069;2661;1085;7;1787;12635;11189;874;12203;3053
2016-11-11T03:00:00;1123;423;460;993;0;50;2604;4043;2670;1108;128;1722;12700;11247;816;12147;3177
2016-11-11T03:15:00;1124;421;462;992;0;50;2610;4002;2667;1111;69;1723;12650;11196;810;12113;3118
2016-11-11T03:30:00;1123;421;434;1026;0;50;2611;3985;2667;1112;6;1760;12669;11209;783;12135;3060
2016-11-11T03:45:00;1120;424;397;1026;0;50;2620;3990;2684;1102;14;1778;12656;11233;791;12174;3031
2016-11-11T04:00:00;1120;428;365;1048;0;50;2630;3994;2710;1090;69;1823;12969;11556;630;12247;3080
2016-11-11T04:15:00;1121;432;373;1050;0;50;2630;3986;2785;1109;89;1811;13083;11660;598;12321;3115
2016-11-11T04:30:00;1122;439;329;1084;0;50;2630;3990;2813;1110;17;1793;13220;11807;542;12336;3041
2016-11-11T04:45:00;1123;459;316;1098;0;50;2629;3988;2835;1125;10;1867;13403;11989;537;12444;3056
2016-11-11T05:00:00;1124;453;341;1124;0;50;2630;3992;2861;1159;14;1908;13565;12099;784;12550;3106
2016-11-11T05:15:00;1128;447;401;1145;0;50;2630;4010;2894;1187;10;1927;13638;12093;816;12648;3181
2016-11-11T05:30:00;1129;439;389;1162;0;50;2629;4046;2996;1230;12;1965;13947;12397;802;12866;3181
2016-11-11T05:45:00;1128;447;368;1189;0;50;2630;4062;3112;1314;26;2005;14422;12864;728;13123;3208
2016-11-11T06:00:00;1127;442;361;1270;0;50;2620;4060;3214;1384;76;2077;15176;13544;523;13355;3326
2016-11-11T06:15:00;1129;437;307;1384;0;50;2630;4083;3421;1414;19;2191;15809;14119;383;13739;3326
2016-11-11T06:30:00;1128;437;322;1431;0;50;2631;4073;3693;1430;151;2126;16317;14564;79;13953;3519
2016-11-11T06:45:00;1127;436;391;1416;0;50;2630;4068;3877;1455;158;2254;16771;14963;23;14284;3578
2016-11-11T07:00:00;1128;436;378;1394;2;50;2630;4095;3947;1461;189;2359;17287;15514;47;14492;3577
2016-11-11T07:15:00;1130;438;322;1415;3;50;2633;4116;4038;1530;209;2338;17606;15866;22;14655;3567
2016-11-11T07:30:00;1132;438;303;1454;13;50;2633;4130;4155;1568;222;2333;17720;15951;44;14819;3612
2016-11-11T07:45:00;1134;440;281;1519;38;50;2633;4128;4178;1579;257;2322;17840;16002;59;14840;3719
2016-11-11T08:00:00;1139;439;278;1538;53;50;2624;4130;4183;1559;456;2302;17995;16127;99;14798;3953
2016-11-11T08:15:00;1142;442;286;1535;101;50;2635;4143;4187;1573;542;2321;18129;16207;91;14859;4098
2016-11-11T08:30:00;1142;443;279;1490;176;50;2635;4141;4194;1578;568;2337;18214;16269;68;14885;4148
2016-11-11T08:45:00;1141;444;260;1448;254;50;2635;4165;4187;1613;568;2347;18336;16375;42;14947;4165
2016-11-11T09:00:00;1141;444;275;1415;322;50;2634;4181;4177;1645;451;2330;18236;16225;44;14967;4098
2016-11-11T09:15:00;1143;447;319;1383;384;50;2634;4174;4172;1665;417;2259;18335;16249;24;14904;4143
2016-11-11T09:30:00;1144;447;324;1345;450;50;2633;4173;4172;1681;336;2261;18424;16306;3;14920;4096
2016-11-11T09:45:00;1144;445;270;1287;530;50;2633;4172;3375;1616;389;2253;18461;16374;1;14049;4115
2016-11-11T10:00:00;1143;444;241;1251;606;50;2636;4166;4167;1647;349;2247;18492;16395;7;14863;4084
2016-11-11T10:15:00;1141;443;211;1228;717;50;2635;4167;4172;1630;448;2196;18557;16401;7;14800;4238
2016-11-11T10:30:00;1142;444;241;1151;814;50;2635;4171;4180;1629;463;2235;18620;16415;8;14850;4305
2016-11-11T10:45:00;1141;447;242;1082;864;50;2634;4151;4184;1644;364;2298;18662;16475;7;14911;4190
2016-11-11T11:00:00;1140;447;210;1070;908;50;2635;4107;4191;1670;311;2271;18698;16511;7;14874;4136
2016-11-11T11:15:00;1138;448;201;1031;973;50;2635;4090;4194;1732;318;2257;18749;16544;7;14908;4159
2016-11-11T11:30:00;1137;448;201;1020;1001;50;2617;4089;4192;1746;272;2239;18701;16481;8;14883;4129
2016-11-11T11:45:00;1140;446;186;990;987;50;2634;4097;4195;1745;219;2254;18600;16437;8;14925;4018
2016-11-11T12:00:00;1139;447;162;985;1010;50;2633;4106;4196;1747;345;2258;18586;16430;9;14940;4138
2016-11-11T12:15:00;1137;448;162;938;1051;50;2634;4109;4196;1746;308;2255;18558;16407;18;14940;4094
2016-11-11T12:30:00;1141;439;128;953;1052;50;2634;4112;4190;1746;334;2260;18494;16361;8;14942;4097
2016-11-11T12:45:00;1143;449;111;953;1031;50;2632;4113;4195;1733;263;2254;18389;16295;24;14927;4000
2016-11-11T13:00:00;1134;447;112;896;1026;50;2633;4112;4193;1743;280;2253;18367;16334;35;14934;3945
2016-11-11T13:15:00;1140;448;111;854;1009;50;2636;4116;4188;1740;203;2240;18202;16228;62;14920;3815
2016-11-11T13:30:00;1139;452;103;850;954;50;2637;4114;4194;1697;211;2206;18104;16198;51;14848;3759
2016-11-11T13:45:00;1138;449;89;834;899;50;2636;4105;4192;1621;197;2172;17837;16016;60;14726;3656
2016-11-11T14:00:00;1136;452;65;843;840;50;2636;4117;4193;1548;145;2153;17847;16099;95;14647;3531
2016-11-11T14:15:00;1135;452;61;825;734;50;2637;4115;4190;1523;204;2155;17822;16201;51;14620;3461
2016-11-11T14:30:00;1136;456;76;810;634;50;2636;4107;4202;1550;144;2155;17738;16219;13;14650;3306
2016-11-11T14:45:00;1134;456;88;798;527;50;2636;4100;4228;1558;155;2161;17680;16267;12;14683;3208
2016-11-11T15:00:00;1135;466;80;802;416;50;2636;4101;4244;1546;504;2164;17693;16396;7;14691;3453
2016-11-11T15:15:00;1138;484;69;825;308;50;2636;4102;4243;1570;582;2156;17566;16364;8;14707;3456
2016-11-11T15:30:00;1140;488;67;815;211;50;2636;4106;4244;1568;562;2205;17515;16424;7;14759;3333
2016-11-11T15:45:00;1147;490;57;796;126;50;2636;4094;4245;1624;712;2106;17488;16511;8;14705;3378
2016-11-11T16:00:00;1149;493;52;780;64;50;2632;4088;4241;1662;750;2101;17527;16631;6;14724;3338
2016-11-11T16:15:00;1152;501;46;786;27;50;2640;4092;4261;1663;950;2100;17628;16769;7;14756;3512
2016-11-11T16:30:00;1153;498;47;792;9;50;2638;4085;4267;1679;1002;2127;17718;16870;7;14796;3551
2016-11-11T16:45:00;1153;502;51;797;2;50;2639;4095;4265;1673;1146;2192;17923;17074;8;14864;3701
2016-11-11T17:00:00;1152;503;50;786;0;50;2631;4113;4262;1673;1090;2193;18143;17307;7;14872;3631
2016-11-11T17:15:00;1152;505;53;788;0;50;2637;4093;4268;1673;1364;2115;18297;17456;7;14786;3912
2016-11-11T17:30:00;1155;505;55;795;0;51;2637;4107;4268;1668;1327;2139;18310;17460;6;14819;3888
2016-11-11T17:45:00;1159;506;53;813;0;51;2637;4139;4272;1666;1260;2154;18253;17387;7;14868;3842
2016-11-11T18:00:00;1159;503;51;818;0;51;2636;4159;4240;1672;1112;2069;18171;17302;6;14776;3694
2016-11-11T18:15:00;1160;499;51;821;0;51;2636;4167;4203;1673;1040;2058;18060;17188;7;14737;3622
2016-11-11T18:30:00;1157;496;55;814;0;51;2635;4186;4194;1642;1024;1982;18009;17140;7;14639;3597
2016-11-11T18:45:00;1157;498;51;793;0;51;2636;4195;4133;1646;962;1988;17941;17097;7;14598;3512
2016-11-11T19:00:00;1155;501;55;774;0;51;2636;4143;4070;1654;953;2035;17816;16988;7;14538;3489
2016-11-11T19:15:00;1156;494;58;759;0;51;2633;4130;4078;1651;648;2077;17578;16761;7;14569;3166
2016-11-11T19:30:00;1156;487;73;725;0;51;2630;4118;4077;1644;421;2117;17370;16572;14;14586;2913
2016-11-11T19:45:00;1157;465;90;702;0;51;2627;4110;4068;1628;348;2158;17180;16388;114;14591;2813
2016-11-11T20:00:00;1153;483;88;693;0;51;2639;4114;4043;1622;395;1968;16843;16063;9;14386;2863
2016-11-11T20:15:00;1152;483;93;666;0;50;2632;4106;4043;1607;449;1962;16511;15751;9;14350;2893
2016-11-11T20:30:00;1152;485;93;651;0;50;2634;4109;4021;1569;167;1967;16257;15513;12;14300;2598
2016-11-11T20:45:00;1154;468;94;624;0;50;2631;4106;4004;1551;243;1949;15962;15244;88;14241;2633
2016-11-11T21:00:00;1151;475;98;602;0;50;2634;4105;3957;1473;232;1947;15770;15069;98;14116;2608
2016-11-11T21:15:00;1151;478;92;600;0;50;2636;4106;3908;1431;80;1940;15640;14948;211;14021;2451
2016-11-11T21:30:00;1149;478;92;600;0;50;2634;4114;3826;1398;47;1845;15311;14618;252;13817;2416
2016-11-11T21:45:00;1149;469;89;574;0;50;2626;4098;3735;1385;178;1743;15060;14398;226;13587;2509
2016-11-11T22:00:00;1147;487;87;557;0;50;2639;4103;3668;1349;303;1606;15198;14554;67;13365;2631
2016-11-11T22:15:00;1146;481;87;543;0;50;2633;4096;3597;1347;220;1565;14995;14365;91;13238;2527
2016-11-11T22:30:00;1143;484;92;528;0;50;2637;4111;3561;1347;284;1555;14717;14098;236;13211;2581
2016-11-11T22:45:00;1145;465;104;508;0;50;2638;4106;3510;1345;231;1583;14476;13864;380;13182;2503
2016-11-11T23:00:00;1148;467;113;478;0;50;2641;4120;3419;1328;90;1362;14229;13638;103;12870;2346
2016-11-11T23:15:00;1148;466;111;449;0;50;2639;4120;3358;1245;53;1405;14086;13526;165;12767;2277
2016-11-11T23:30:00;1148;471;117;424;0;50;2639;4127;3273;1177;50;1391;13847;13306;208;12607;2260
2016-11-11T23:45:00;1147;463;127;401;0;50;2636;4136;3206;1119;31;1388;13563;13035;262;12485;2219
2016-11-12T00:00:00;1140;474;140;370;0;50;2639;4152;3052;1080;142;1380;13418;12908;106;12303;2316
2016-11-12T00:15:00;1140;468;145;349;0;50;2631;4150;2993;1055;45;1439;13142;12648;182;12268;2197
2016-11-12T00:30:00;1138;461;159;328;0;50;2634;4153;2821;1007;85;1366;12997;12510;110;11981;2221
2016-11-12T00:45:00;1137;455;169;319;0;50;2633;4154;2740;942;76;1347;12972;12485;106;11816;2206
2016-11-12T01:00:00;1131;454;169;303;0;50;2637;4167;2720;920;65;1419;12900;12429;152;11863;2172
2016-11-12T01:15:00;1126;450;175;299;0;50;2633;4163;2653;891;81;1443;12721;12247;236;11783;2181
2016-11-12T01:30:00;1126;453;177;289;0;50;2636;4165;2573;886;21;1453;12617;12152;220;11713;2116
2016-11-12T01:45:00;1130;456;177;284;0;50;2635;4167;2467;883;78;1468;12526;12064;348;11620;2175
2016-11-12T02:00:00;1131;464;191;278;0;50;2637;4164;2401;883;129;1430;12558;12090;373;11515;2243
2016-11-12T02:15:00;1130;461;209;268;0;50;2638;4154;2385;882;81;1439;12526;12049;366;11498;2199
2016-11-12T02:30:00;1129;463;231;261;0;50;2635;4161;2383;881;13;1435;12463;11972;394;11495;2147
2016-11-12T02:45:00;1130;453;247;270;0;50;2637;4171;2371;883;70;1458;12363;11846;488;11520;2220
2016-11-12T03:00:00;1130;454;263;272;0;50;2637;4170;2328;893;89;1515;12376;11841;539;11543;2258
2016-11-12T03:15:00;1130;451;277;281;0;50;2636;4170;2301;890;62;1547;12378;11819;605;11544;2251
2016-11-12T03:30:00;1131;455;291;296;0;50;2635;4156;2256;889;54;1601;12427;11841;655;11537;2277
2016-11-12T03:45:00;1131;446;300;293;0;50;2635;4132;2217;884;10;1605;12366;11773;636;11473;2230
2016-11-12T04:00:00;1132;446;317;289;0;50;2637;4122;2198;897;10;1626;12421;11816;645;11480;2244
2016-11-12T04:15:00;1133;446;335;296;0;50;2636;4126;2182;898;44;1629;12379;11749;695;11471;2304
2016-11-12T04:30:00;1131;447;335;293;0;50;2637;4137;2168;897;71;1613;12374;11746;703;11452;2327
2016-11-12T04:45:00;1134;447;336;299;0;50;2637;4155;2168;896;10;1608;12281;11646;737;11464;2276
2016-11-12T05:00:00;1134;447;345;299;0;50;2636;4166;2153;904;10;1539;12344;11701;590;11398;2285
2016-11-12T05:15:00;1131;445;354;309;0;50;2637;4174;2192;903;63;1513;12302;11639;620;11419;2352
2016-11-12T05:30:00;1130;448;346;323;0;50;2637;4183;2197;903;12;1474;12314;11646;616;11394;2309
2016-11-12T05:45:00;1137;446;349;325;0;50;2637;4178;2218;899;51;1510;12263;11590;672;11442;2358
2016-11-12T06:00:00;1138;443;360;340;0;50;2637;4138;2242;910;52;1482;12355;11654;405;11409;2383
2016-11-12T06:15:00;1139;444;376;356;0;50;2638;4117;2274;910;42;1517;12495;11763;325;11456;2407
2016-11-12T06:30:00;1142;441;385;368;0;50;2639;4116;2354;908;157;1468;12649;11896;317;11485;2543
2016-11-12T06:45:00;1140;447;384;379;0;50;2640;4127;2466;912;359;1470;12847;12084;271;11615;2759
2016-11-12T07:00:00;1141;442;391;380;2;50;2638;4153;2638;915;130;1495;13138;12365;209;11839;2536
2016-11-12T07:15:00;1145;445;402;390;3;50;2640;4170;2736;921;131;1528;13348;12554;194;11995;2566
2016-11-12T07:30:00;1149;438;424;408;13;50;2641;4189;2772;920;149;1581;13546;12701;183;12103;2631
2016-11-12T07:45:00;1151;440;426;442;50;50;2640;4186;2863;923;130;1584;13749;12832;102;12196;2689
2016-11-12T08:00:00;1153;439;442;484;96;50;2641;4203;2895;922;90;1554;13996;12974;51;12215;2754
2016-11-12T08:15:00;1155;438;458;492;167;50;2641;4205;2910;923;94;1557;14233;13117;43;12236;2854
2016-11-12T08:30:00;1155;449;482;506;267;50;2642;4200;2951;923;177;1594;14418;13162;29;12310;3086
2016-11-12T08:45:00;1156;445;486;525;403;50;2643;4200;2982;922;216;1606;14652;13239;14;12353;3281
2016-11-12T09:00:00;1158;450;501;528;538;50;2642;4183;3020;921;274;1628;14857;13290;9;12394;3499
2016-11-12T09:15:00;1155;445;521;522;695;50;2639;4129;3025;920;251;1621;15022;13285;12;12334;3639
2016-11-12T09:30:00;1155;439;531;503;844;50;2639;4134;3028;918;238;1634;15177;13301;24;12353;3760
2016-11-12T09:45:00;1157;434;549;484;963;50;2637;4171;3022;919;189;1648;15328;13333;21;12397;3826
2016-11-12T10:00:00;1158;436;576;475;1104;50;2638;4196;3034;909;249;1662;15439;13285;17;12439;4048
2016-11-12T10:15:00;1158;433;593;465;1245;50;2636;4205;3026;906;219;1656;15491;13188;22;12429;4163
2016-11-12T10:30:00;1160;436;599;462;1369;50;2635;4198;3018;904;144;1640;15580;13151;22;12395;4220
2016-11-12T10:45:00;1159;434;609;456;1453;50;2635;4201;3009;903;152;1630;15616;13098;24;12378;4313
2016-11-12T11:00:00;1159;436;616;470;1558;50;2641;4207;3003;902;111;1598;15627;12983;20;12351;4400
2016-11-12T11:15:00;1155;433;618;471;1625;50;2641;4209;3000;902;179;1593;15679;12965;20;12345;4531
2016-11-12T11:30:00;1155;435;614;462;1679;50;2640;4206;2982;901;219;1579;15711;12956;31;12308;4614
2016-11-12T11:45:00;1155;431;625;448;1681;50;2640;4212;2975;900;170;1578;15663;12908;29;12305;4560
2016-11-12T12:00:00;1154;433;642;438;1679;50;2638;4226;2969;878;187;1561;15587;12829;51;12272;4583
2016-11-12T12:15:00;1155;432;651;448;1679;50;2637;4231;2959;856;91;1566;15484;12707;65;12249;4506
2016-11-12T12:30:00;1155;434;649;446;1661;50;2638;4229;2956;856;34;1563;15385;12630;66;12242;4429
2016-11-12T12:45:00;1157;435;650;457;1616;50;2633;4229;2961;858;77;1609;15319;12596;161;12290;4442
2016-11-12T13:00:00;1154;433;651;439;1593;50;2636;4241;2988;858;81;1606;15266;12583;56;12329;4401
2016-11-12T13:15:00;1153;427;645;431;1500;50;2637;4239;2975;890;96;1576;15127;12552;70;12317;4302
2016-11-12T13:30:00;1152;424;650;422;1406;50;2637;4238;2969;901;80;1582;15074;12596;79;12327;4184
2016-11-12T13:45:00;1150;422;647;421;1330;50;2629;4233;2918;898;151;1215;14578;12181;78;11893;4171
2016-11-12T14:00:00;1153;423;651;411;1195;50;2634;4242;2820;891;35;1244;14378;12122;219;11831;3918
2016-11-12T14:15:00;1153;424;649;409;1054;50;2638;4235;2816;884;41;1268;14317;12205;230;11841;3780
2016-11-12T14:30:00;1154;421;647;398;893;50;2637;4215;2852;895;225;1293;14342;12405;140;11892;3788
2016-11-12T14:45:00;1152;419;638;419;756;50;2633;4206;2835;901;59;1305;14332;12519;114;11880;3493
2016-11-12T15:00:00;1153;434;620;439;592;50;2637;4214;2853;900;69;1376;14500;12850;65;11980;3357
2016-11-12T15:15:00;1159;425;613;464;445;50;2637;4216;2918;907;197;1483;14572;13050;18;12161;3353
2016-11-12T15:30:00;1157;427;628;513;298;50;2637;4212;2941;910;137;1481;14561;13123;9;12181;3210
2016-11-12T15:45:00;1154;419;626;567;176;50;2637;4220;2971;908;156;1486;14568;13200;2;12222;3148
2016-11-12T16:00:00;1154;422;634;608;87;50;2629;4214;2986;899;161;1549;14658;13329;41;12277;3116
2016-11-12T16:15:00;1157;422;631;653;35;50;2637;4230;2991;866;231;1520;14788;13469;13;12244;3179
2016-11-12T16:30:00;1156;429;637;711;10;50;2637;4225;3047;857;317;1536;14992;13634;6;12302;3310
2016-11-12T16:45:00;1157;429;647;763;2;50;2637;4223;3084;892;643;1553;15316;13904;0;12389;3691
2016-11-12T17:00:00;1158;429;659;809;0;50;2633;4219;3101;911;554;1618;15797;14329;1;12482;3659
2016-11-12T17:15:00;1160;438;665;868;0;50;2637;4220;3116;914;842;1608;15957;14425;0;12495;4023
2016-11-12T17:30:00;1161;429;672;929;0;50;2632;4215;3118;913;838;1674;16118;14517;1;12552;4079
2016-11-12T17:45:00;1162;423;680;993;0;50;2633;4229;3113;913;632;1720;16062;14390;0;12608;3940
2016-11-12T18:00:00;1159;433;688;1051;0;50;2632;4223;3085;915;616;1684;16163;14424;1;12539;3997
2016-11-12T18:15:00;1158;421;693;1111;0;50;2635;4225;3083;917;448;1678;16012;14209;10;12538;3881
2016-11-12T18:30:00;1159;419;702;1149;0;50;2634;4230;3075;916;370;1689;15970;14118;19;12544;3849
2016-11-12T18:45:00;1160;414;707;1156;0;50;2636;4228;3024;915;381;1680;15835;13973;86;12483;3868
2016-11-12T19:00:00;1159;416;712;1179;0;50;2637;4223;2976;920;261;1687;15809;13919;3;12443;3777
2016-11-12T19:15:00;1158;414;716;1175;0;50;2634;4217;2910;921;141;1689;15625;13735;27;12371;3654
2016-11-12T19:30:00;1154;413;720;1180;0;50;2635;4221;2774;922;105;1692;15465;13566;37;12244;3622
2016-11-12T19:45:00;1155;413;721;1192;0;50;2633;4222;2657;902;98;1692;15211;13298;93;12106;3629
2016-11-12T20:00:00;1151;431;718;1184;0;50;2636;4224;2553;915;370;1682;15006;13104;3;12010;3904
2016-11-12T20:15:00;1145;424;723;1178;0;50;2633;4219;2507;918;237;1664;14674;12774;77;11941;3757
2016-11-12T20:30:00;1144;417;727;1189;0;50;2634;4221;2409;913;218;1613;14253;12338;191;11790;3745
2016-11-12T20:45:00;1146;411;725;1184;0;50;2632;4210;2334;910;104;1640;13976;12067;273;11726;3620
2016-11-12T21:00:00;1147;418;727;1195;0;50;2635;4214;2255;912;220;1650;14019;12097;80;11666;3757
2016-11-12T21:15:00;1148;414;730;1206;0;50;2632;4200;2199;914;110;1629;13915;11980;71;11574;3658
2016-11-12T21:30:00;1145;413;733;1222;0;50;2632;4203;2143;912;33;1617;13757;11803;115;11507;3596
2016-11-12T21:45:00;1146;411;732;1238;0;50;2630;4203;2108;911;99;1637;13646;11676;192;11489;3676
2016-11-12T22:00:00;1143;429;726;1238;0;50;2636;4209;2154;916;56;1674;13875;11911;114;11589;3642
2016-11-12T22:15:00;1146;427;715;1243;0;50;2628;4182;2164;912;90;1612;13659;11701;176;11498;3671
2016-11-12T22:30:00;1144;425;712;1234;0;50;2632;4176;2105;914;29;1751;13475;11529;386;11578;3594
2016-11-12T22:45:00;1144;420;715;1225;0;50;2628;4172;2050;910;15;1787;13268;11328;518;11547;3569
2016-11-12T23:00:00;1143;422;718;1217;0;50;2636;4199;2001;907;26;1718;13163;11229;386;11461;3576
2016-11-12T23:15:00;1144;421;722;1218;0;50;2633;4193;1967;901;58;1621;12938;10998;442;11315;3613
2016-11-12T23:30:00;1145;430;718;1213;0;50;2633;4186;1913;825;24;1502;12782;10852;370;11059;3580
2016-11-12T23:45:00;1145;422;711;1235;0;50;2631;4228;1916;720;18;1501;12478;10532;535;10996;3581
2016-11-13T00:00:00;1142;426;702;1247;0;50;2637;4259;1862;579;23;1523;12310;10360;315;10860;3590
2016-11-13T00:15:00;1142;424;691;1256;0;50;2636;4273;1782;569;20;1538;12163;10215;391;10798;3583
2016-11-13T00:30:00;1141;422;676;1279;0;51;2634;4252;1740;568;17;1518;11988;10034;587;10712;3586
2016-11-13T00:45:00;1140;419;666;1281;0;51;2625;4275;1719;567;67;1586;11806;9859;848;10772;3624
2016-11-13T01:00:00;1139;430;652;1297;0;51;2638;4318;1715;563;26;1549;11676;9727;774;10783;3595
2016-11-13T01:15:00;1138;418;633;1303;0;50;2637;4301;1703;555;61;1449;11588;9652;724;10645;3603
2016-11-13T01:30:00;1139;419;625;1322;0;51;2634;4267;1684;544;19;1469;11540;9594;691;10598;3575
2016-11-13T01:45:00;1139;414;611;1368;0;51;2626;4216;1647;535;15;1511;11459;9481;720;10535;3598
2016-11-13T02:00:00;1136;427;593;1379;0;51;2625;4212;1612;540;28;1440;11438;9466;658;10429;3614
2016-11-13T02:15:00;1135;424;581;1358;0;51;2628;4219;1583;550;24;1428;11391;9453;673;10408;3573
2016-11-13T02:30:00;1130;412;569;1359;0;51;2633;4230;1578;563;30;1452;11400;9472;698;10456;3551
2016-11-13T02:45:00;1128;411;561;1385;0;51;2622;4239;1575;573;24;1490;11208;9262;778;10499;3560
2016-11-13T03:00:00;1128;418;558;1408;0;51;2632;4247;1543;573;19;1423;11231;9266;781;10418;3582
2016-11-13T03:15:00;1126;426;557;1408;0;51;2633;4246;1527;573;18;1430;11260;9296;778;10409;3586
2016-11-13T03:30:00;1126;414;552;1419;0;51;2626;4277;1522;572;12;1453;11212;9242;836;10450;3574
2016-11-13T03:45:00;1126;415;546;1414;0;50;2627;4307;1480;571;12;1415;11220;9259;832;10400;3563
2016-11-13T04:00:00;1127;415;550;1415;0;51;2627;4314;1334;573;11;1345;11193;9229;726;10193;3569
2016-11-13T04:15:00;1127;413;551;1424;0;51;2625;4315;1340;575;11;1417;11227;9252;766;10272;3577
2016-11-13T04:30:00;1127;412;553;1443;0;51;2624;4315;1343;577;11;1397;11229;9233;758;10256;3597
2016-11-13T04:45:00;1128;411;558;1441;0;51;2626;4316;1335;578;12;1361;11194;9195;747;10216;3601
2016-11-13T05:00:00;1128;418;565;1443;0;51;2627;4322;1270;590;14;1372;11282;9274;680;10181;3619
2016-11-13T05:15:00;1128;411;569;1454;0;51;2626;4322;1257;593;12;1366;11166;9143;697;10164;3625
2016-11-13T05:30:00;1128;405;577;1434;0;51;2622;4325;1231;595;12;1488;11055;9044;835;10261;3607
2016-11-13T05:45:00;1126;420;573;1414;0;51;2622;4331;1184;594;18;1490;10995;9007;869;10221;3602
2016-11-13T06:00:00;1127;419;565;1426;0;51;2603;4329;1173;601;40;1343;10915;8923;666;10049;3628
2016-11-13T06:15:00;1130;407;552;1418;0;51;2571;4335;1196;602;42;1360;10911;8941;617;10064;3600
2016-11-13T06:30:00;1131;406;526;1403;0;51;2565;4370;1301;604;33;1414;10960;9032;671;10254;3550
2016-11-13T06:45:00;1132;414;505;1403;0;50;2565;4396;1313;605;35;1429;11092;9183;726;10308;3539
2016-11-13T07:00:00;1131;415;496;1405;2;50;2576;4397;1378;605;37;1336;11196;9294;565;10292;3536
2016-11-13T07:15:00;1132;407;487;1375;3;50;2619;4396;1382;605;39;1420;11276;9411;542;10422;3493
2016-11-13T07:30:00;1135;403;478;1368;29;50;2639;4400;1395;609;36;1431;11323;9449;524;10474;3499
2016-11-13T07:45:00;1135;409;479;1352;91;50;2638;4392;1426;609;39;1451;11523;9601;512;10516;3555
2016-11-13T08:00:00;1138;404;472;1340;162;50;2631;4398;1575;609;31;1571;11770;9796;511;10784;3597
2016-11-13T08:15:00;1141;407;474;1351;288;50;2641;4400;1648;609;39;1573;12086;9973;426;10871;3750
2016-11-13T08:30:00;1145;409;469;1347;423;50;2641;4400;1674;606;73;1570;12308;10070;234;10891;3916
2016-11-13T08:45:00;1148;409;448;1340;639;50;2641;4389;1691;605;72;1573;12522;10095;210;10899;4106
2016-11-13T09:00:00;1147;405;431;1315;823;50;2638;4385;1686;598;65;1583;12782;10213;275;10890;4236
2016-11-13T09:15:00;1149;405;415;1285;1012;50;2639;4376;1703;598;39;1590;12985;10273;247;10906;4355
2016-11-13T09:30:00;1152;404;398;1251;1202;50;2640;4365;1720;597;47;1634;13192;10342;235;10956;4504
2016-11-13T09:45:00;1152;402;383;1190;1404;49;2640;4378;1714;595;77;1709;13281;10305;271;11036;4657
2016-11-13T10:00:00;1154;406;386;1138;1537;49;2640;4329;1710;587;94;1707;13565;10504;277;10973;4764
2016-11-13T10:15:00;1156;409;376;1074;1679;49;2638;4158;1726;589;306;1739;13774;10645;224;10850;5049
2016-11-13T10:30:00;1155;405;369;1024;1805;49;2639;4075;1759;592;252;1779;13836;10639;234;10844;5059
2016-11-13T10:45:00;1156;405;369;993;1964;49;2639;4081;1786;597;419;1817;14056;10730;192;10920;5355
2016-11-13T11:00:00;1156;403;370;954;2100;49;2639;4103;1789;598;113;1809;14236;10813;210;10938;5145
2016-11-13T11:15:00;1156;405;371;917;2139;49;2639;4117;1818;597;159;1819;14465;11038;180;10990;5196
2016-11-13T11:30:00;1155;401;377;891;2182;49;2638;4127;1874;595;121;1815;14584;11134;167;11049;5176
2016-11-13T11:45:00;1156;398;373;874;2218;49;2639;4117;1858;594;86;1796;14506;11041;183;11004;5154
2016-11-13T12:00:00;1153;401;362;872;2249;49;2638;4090;1815;592;244;1740;14503;11020;184;10875;5330
2016-11-13T12:15:00;1153;397;346;877;2258;50;2635;4087;1782;590;208;1748;14366;10885;211;10842;5289
2016-11-13T12:30:00;1154;408;322;867;2240;50;2640;4080;1756;590;224;1726;14246;10818;258;10792;5265
2016-11-13T12:45:00;1153;404;300;866;2221;50;2639;4088;1749;589;216;1701;14119;10733;267;10766;5210
2016-11-13T13:00:00;1150;412;279;839;2189;50;2641;4100;1751;588;244;1697;14075;10769;206;10777;5163
2016-11-13T13:15:00;1148;410;260;807;2068;50;2638;4162;1740;586;225;1755;13903;10768;368;10881;4968
2016-11-13T13:30:00;1144;409;246;771;1910;50;2636;4187;1748;584;242;1828;13795;10868;442;10983;4772
2016-11-13T13:45:00;1144;408;239;744;1770;50;2635;4187;1758;585;253;1737;13679;10926;367;10902;4608
2016-11-13T14:00:00;1144;419;224;714;1598;50;2640;4226;1758;594;90;1764;13631;11095;280;10982;4239
2016-11-13T14:15:00;1144;432;210;681;1402;50;2640;4218;1804;592;202;1718;13592;11299;141;10972;4121
2016-11-13T14:30:00;1146;429;206;673;1220;50;2622;4222;1871;588;249;1730;13501;11402;69;11033;3973
2016-11-13T14:45:00;1141;427;198;665;1026;50;2559;4261;1970;594;255;1732;13436;11547;11;11116;3762
2016-11-13T15:00:00;1143;419;183;666;772;50;2551;4350;2062;604;362;1741;13522;11901;4;11308;3595
2016-11-13T15:15:00;1146;404;165;675;558;50;2550;4367;2190;620;348;1712;13466;12069;2;11439;3346
2016-11-13T15:30:00;1146;411;152;701;367;50;2550;4396;2289;673;528;1724;13443;12224;2;11632;3355
2016-11-13T15:45:00;1144;417;150;761;202;50;2550;4401;2435;702;415;1673;13393;12281;2;11761;3139
2016-11-13T16:00:00;1144;398;142;846;90;50;2547;4412;2554;720;218;1658;13537;12460;19;11891;2888
2016-11-13T16:15:00;1144;398;147;912;27;51;2550;4431;2582;779;224;1637;13650;12564;57;11979;2903
2016-11-13T16:30:00;1144;404;142;986;8;51;2550;4436;2549;802;418;1664;13926;12791;17;12001;3153
2016-11-13T16:45:00;1146;409;131;1078;1;51;2555;4437;2564;810;554;1753;14253;13043;6;12119;3370
2016-11-13T17:00:00;1144;407;137;1149;0;51;2575;4429;2568;813;557;1899;14724;13439;3;12284;3445
2016-11-13T17:15:00;1144;407;150;1224;0;51;2587;4432;2583;829;790;1911;14956;13581;3;12342;3766
2016-11-13T17:30:00;1143;407;161;1293;0;51;2595;4438;2560;847;756;1931;15151;13697;3;12371;3811
2016-11-13T17:45:00;1145;411;164;1345;0;51;2606;4293;2557;890;854;1971;15241;13733;3;12317;3970
2016-11-13T18:00:00;1145;410;170;1390;0;51;2616;4204;2563;927;764;1946;15389;13829;3;12256;3930
2016-11-13T18:15:00;1144;410;166;1436;0;51;2623;4202;2605;934;769;1929;15385;13784;15;12293;3976
2016-11-13T18:30:00;1145;414;166;1476;0;51;2620;4192;2601;934;717;1942;15305;13662;59;12289;3969
2016-11-13T18:45:00;1147;427;174;1519;0;51;2625;4194;2587;937;728;1948;15241;13548;104;12291;4046
2016-11-13T19:00:00;1148;432;185;1564;0;51;2631;4182;2553;939;562;1950;15136;13387;86;12255;3942
2016-11-13T19:15:00;1149;426;203;1618;0;51;2633;4195;2526;923;414;1924;14998;13178;91;12201;3861
2016-11-13T19:30:00;1151;427;199;1631;0;51;2633;4212;2481;892;461;1935;14899;13069;126;12153;3920
2016-11-13T19:45:00;1153;424;208;1634;0;51;2632;4217;2428;894;397;1922;14686;12844;162;12093;3867
2016-11-13T20:00:00;1143;428;225;1650;0;51;2636;4236;2391;887;541;1847;14543;12669;116;11997;4038
2016-11-13T20:15:00;1144;423;237;1676;0;51;2636;4314;2377;887;392;1820;14325;12412;149;12034;3923
2016-11-13T20:30:00;1142;418;244;1684;0;51;2635;4333;2341;888;245;1778;14154;12226;226;11975;3784
2016-11-13T20:45:00;1141;417;252;1679;0;51;2637;4362;2296;887;191;1719;13949;12018;263;11901;3731
2016-11-13T21:00:00;1140;419;272;1674;0;51;2637;4394;2238;879;324;1677;13992;12047;167;11825;3880
2016-11-13T21:15:00;1142;411;269;1659;0;51;2637;4407;2230;878;351;1637;13948;12021;219;11789;3883
2016-11-13T21:30:00;1142;407;280;1662;0;51;2638;4421;2195;883;250;1629;13917;11975;222;11766;3792
2016-11-13T21:45:00;1139;409;282;1686;0;51;2637;4407;2131;887;232;1659;13918;11950;191;11721;3799
2016-11-13T22:00:00;1135;406;288;1712;0;51;2638;4414;2072;883;99;1739;14092;12092;230;11746;3691
2016-11-13T22:15:00;1133;399;292;1735;0;51;2637;4431;1999;883;86;1710;14058;12032;233;11660;3696
2016-11-13T22:30:00;1131;402;290;1779;0;49;2639;4451;1951;830;77;1655;13852;11783;282;11526;3728
2016-11-13T22:45:00;1133;398;288;1810;0;49;2639;4451;1947;812;76;1667;13591;11494;464;11516;3754
2016-11-13T23:00:00;1133;412;288;1805;0;49;2641;4460;1891;812;54;1629;13417;11324;271;11433;3741
2016-11-13T23:15:00;1134;398;295;1790;0;49;2640;4445;1864;805;49;1574;13233;11148;359;11328;3715
2016-11-13T23:30:00;1134;397;302;1764;0;49;2640;4452;1815;790;42;1586;13032;10966;427;11283;3688
2016-11-13T23:45:00;1135;396;309;1725;0;49;2640;4450;1771;788;82;1531;12815;10781;424;11180;3696
2016-11-14T00:00:00;1127;397;310;1702;0;49;2640;4470;1716;764;88;1520;12793;10781;275;11110;3673
2016-11-14T00:15:00;1126;390;307;1650;0;49;2631;4457;1703;774;61;1566;12605;10647;451;11131;3583
2016-11-14T00:30:00;1120;390;309;1614;0;49;2631;4464;1673;755;78;1577;12434;10511;631;11100;3560
2016-11-14T00:45:00;1118;397;315;1595;0;49;2628;4454;1619;744;84;1547;12358;10448;700;10992;3558
2016-11-14T01:00:00;1118;395;326;1575;0;49;2636;4465;1535;757;39;1431;12297;10397;568;10824;3502
2016-11-14T01:15:00;1118;385;335;1574;0;49;2632;4455;1490;742;37;1456;12176;10268;574;10775;3498
2016-11-14T01:30:00;1117;391;344;1592;0;49;2630;4460;1469;753;38;1434;12208;10271;571;10746;3531
2016-11-14T01:45:00;1116;385;345;1607;0;49;2625;4454;1468;745;37;1434;12142;10191;594;10726;3539
2016-11-14T02:00:00;1117;389;335;1650;0;49;2631;4466;1535;758;41;1413;12107;10122;550;10803;3581
2016-11-14T02:15:00;1115;384;328;1680;0;49;2624;4448;1534;745;36;1415;12093;10085;592;10766;3592
2016-11-14T02:30:00;1107;382;326;1725;0;49;2628;4465;1558;734;36;1424;12017;9967;678;10809;3625
2016-11-14T02:45:00;1106;382;329;1738;0;49;2622;4465;1596;734;35;1412;12103;10036;692;10829;3639
2016-11-14T03:00:00;1110;386;338;1739;0;49;2623;4461;1662;735;78;1415;12153;10076;622;10896;3700
2016-11-14T03:15:00;1113;381;341;1761;0;49;2618;4447;1752;733;74;1407;12094;9993;698;10957;3719
2016-11-14T03:30:00;1113;383;353;1786;0;49;2616;4454;1801;733;5;1374;12204;10065;682;10978;3689
2016-11-14T03:45:00;1114;382;367;1780;0;49;2608;4450;1775;731;10;1374;12258;10111;665;10938;3702
2016-11-14T04:00:00;1117;393;385;1775;0;49;2618;4449;1693;745;17;1387;12428;10268;620;10892;3736
2016-11-14T04:15:00;1117;392;415;1765;0;49;2627;4456;1718;765;62;1396;12479;10299;643;10962;3800
2016-11-14T04:30:00;1119;382;442;1786;0;49;2631;4455;1771;765;31;1415;12593;10364;644;11037;3809
2016-11-14T04:45:00;1121;385;460;1817;0;49;2632;4457;1883;771;25;1439;12745;10469;656;11182;3857
2016-11-14T05:00:00;1120;382;484;1825;0;49;2617;4444;2040;802;21;1508;13111;10802;628;11411;3881
2016-11-14T05:15:00;1120;385;503;1838;0;49;2630;4460;2184;797;35;1490;13412;11071;552;11561;3930
2016-11-14T05:30:00;1124;388;517;1895;0;49;2632;4460;2341;803;36;1580;13731;11319;460;11816;4009
2016-11-14T05:45:00;1124;392;530;1928;0;49;2629;4454;2574;824;119;1598;14167;11709;251;12079;4142
2016-11-14T06:00:00;1123;382;548;1926;0;49;2623;4454;2805;858;32;1723;14912;12438;280;12463;4060
2016-11-14T06:15:00;1122;388;562;1921;0;49;2636;4465;2922;953;282;1713;15811;13328;35;12689;4324
2016-11-14T06:30:00;1121;404;562;1930;0;49;2636;4463;3039;988;600;1800;16391;13899;5;12926;4666
2016-11-14T06:45:00;1122;401;571;1954;0;49;2634;4461;3157;1000;751;1892;16901;14375;15;13144;4848
2016-11-14T07:00:00;1124;385;584;1962;3;49;2630;4474;3231;1012;405;1925;17452;14904;53;13272;4512
2016-11-14T07:15:00;1122;386;583;1974;4;49;2637;4490;3237;1007;579;1982;17683;15123;28;13353;4697
2016-11-14T07:30:00;1126;381;598;2021;42;49;2635;4478;3258;1006;634;1907;17724;15064;21;13284;4851
2016-11-14T07:45:00;1130;380;624;2071;176;49;2634;4471;3286;996;658;1941;17960;15090;6;13328;5088
2016-11-14T08:00:00;1133;381;644;2097;406;49;2633;4469;3313;1035;572;2042;18094;14947;3;13492;5282
2016-11-14T08:15:00;1136;379;663;2086;673;49;2633;4483;3329;1049;444;2022;18206;14784;3;13516;5430
2016-11-14T08:30:00;1134;377;676;2073;932;49;2630;4490;3335;1052;289;1967;18162;14482;34;13474;5530
2016-11-14T08:45:00;1131;379;694;2049;1165;49;2633;4484;3317;1031;108;1958;18213;14304;83;13423;5575
2016-11-14T09:00:00;1129;387;715;2004;1451;49;2630;4497;3264;1017;260;1935;18139;13970;77;13343;5995
2016-11-14T09:15:00;1128;385;735;1923;1760;49;2632;4505;3261;1019;166;1934;18214;13797;91;13351;6146
2016-11-14T09:30:00;1128;382;754;1807;2056;49;2631;4499;3241;1014;165;1922;18310;13692;113;13307;6341
2016-11-14T09:45:00;1130;380;764;1698;2312;49;2633;4511;3176;1016;97;1905;18292;13519;123;13241;6430
2016-11-14T10:00:00;1131;374;771;1566;2560;49;2628;4518;3118;1026;132;2026;18468;13571;60;13316;6583
2016-11-14T10:15:00;1130;376;782;1499;2769;49;2629;4518;3089;1032;141;1983;18505;13456;62;13251;6746
2016-11-14T10:30:00;1129;369;791;1459;2945;49;2629;4525;3134;1020;111;1980;18513;13318;86;13288;6853
2016-11-14T10:45:00;1128;364;796;1386;3108;49;2628;4521;3165;1041;92;1960;18543;13253;174;13315;6923
2016-11-14T11:00:00;1124;371;796;1343;3219;49;2630;4506;3178;1091;86;1945;18574;13217;256;13350;6988
2016-11-14T11:15:00;1128;372;802;1316;3230;49;2629;4472;3219;1093;83;1977;18644;13297;244;13390;6980
2016-11-14T11:30:00;1126;373;809;1292;3315;49;2630;4463;3232;1095;80;2013;18717;13301;195;13433;7044
2016-11-14T11:45:00;1122;371;812;1290;3319;49;2623;4462;3251;1090;101;2001;18618;13198;255;13427;7064
2016-11-14T12:00:00;1123;373;814;1281;3303;49;2621;4458;3225;1089;192;2014;18537;13139;184;13407;7135
2016-11-14T12:15:00;1127;369;815;1295;3199;49;2625;4458;3167;1102;150;2026;18461;13153;250;13378;7004
2016-11-14T12:30:00;1129;373;814;1308;3143;49;2626;4466;3173;1116;158;2010;18526;13260;95;13391;6974
2016-11-14T12:45:00;1126;370;813;1333;2999;49;2621;4460;3212;1127;128;2040;18504;13360;39;13460;6818
2016-11-14T13:00:00;1127;377;813;1343;2850;49;2609;4476;3167;1170;135;2135;18592;13586;78;13557;6694
2016-11-14T13:15:00;1130;378;816;1351;2690;49;2605;4474;3211;1183;208;2137;18474;13617;180;13610;6622
2016-11-14T13:30:00;1125;378;814;1357;2528;49;2610;4473;3237;1222;216;2161;18378;13680;174;13703;6467
2016-11-14T13:45:00;1123;370;814;1326;2337;49;2609;4462;3239;1244;232;2140;18217;13740;164;13694;6251
2016-11-14T14:00:00;1121;381;815;1294;2107;49;2597;4436;3230;1255;146;2117;18128;13912;126;13635;5913
2016-11-14T14:15:00;1122;388;815;1280;1832;49;2587;4437;3260;1258;324;2050;18091;14164;56;13592;5810
2016-11-14T14:30:00;1124;397;814;1289;1585;49;2588;4423;3288;1261;507;2003;18090;14403;18;13563;5765
2016-11-14T14:45:00;1127;402;816;1293;1288;49;2586;4427;3306;1294;520;2085;18024;14628;2;13698;5495
2016-11-14T15:00:00;1127;397;816;1304;1003;49;2583;4425;3352;1318;480;2095;18050;14927;2;13773;5176
2016-11-14T15:15:00;1129;401;816;1328;726;49;2586;4434;3371;1337;566;2103;18055;15185;2;13831;5015
2016-11-14T15:30:00;1131;408;816;1363;483;49;2589;4439;3363;1377;743;2098;18045;15383;2;13866;4993
2016-11-14T15:45:00;1133;408;815;1431;275;49;2586;4422;3359;1425;773;2054;17982;15460;0;13846;4884
2016-11-14T16:00:00;1133;408;814;1532;122;49;2582;4412;3369;1475;554;2076;17962;15494;0;13914;4612
2016-11-14T16:15:00;1134;406;814;1620;40;49;2575;4410;3363;1494;687;2069;18110;15636;1;13911;4750
2016-11-14T16:30:00;1134;406;810;1685;8;49;2576;4417;3361;1518;771;2113;18358;15855;0;13985;4863
2016-11-14T16:45:00;1135;406;809;1773;2;49;2582;4410;3368;1522;790;2214;18553;15969;1;14096;4964
2016-11-14T17:00:00;1136;406;810;1900;0;49;2582;4424;3360;1537;856;2118;18907;16197;0;14021;5157
2016-11-14T17:15:00;1138;407;812;2037;0;49;2587;4436;3358;1554;943;2186;19137;16288;1;14121;5386
2016-11-14T17:30:00;1138;407;812;2129;0;49;2584;4421;3359;1558;768;2300;19160;16219;0;14222;5303
2016-11-14T17:45:00;1135;407;811;2246;0;49;2581;4415;3344;1560;768;2277;19130;16074;48;14177;5416
2016-11-14T18:00:00;1136;406;811;2334;0;49;2570;4429;3283;1562;662;2125;19031;15887;80;13969;5398
2016-11-14T18:15:00;1137;406;812;2463;0;49;2555;4441;3252;1556;642;2072;18940;15666;81;13876;5509
2016-11-14T18:30:00;1137;405;813;2586;0;49;2541;4433;3220;1502;651;2051;18886;15487;91;13747;5641
2016-11-14T18:45:00;1139;405;812;2676;0;49;2545;4421;3186;1472;641;2057;18822;15334;141;13681;5722
2016-11-14T19:00:00;1140;405;814;2764;0;49;2551;4424;3134;1390;729;2070;18663;15086;112;13569;5901
2016-11-14T19:15:00;1140;403;813;2844;0;49;2547;4422;3074;1300;640;2093;18502;14845;93;13436;5889
2016-11-14T19:30:00;1140;386;813;2915;0;49;2550;4428;2995;1276;579;2036;18309;14582;88;13285;5882
2016-11-14T19:45:00;1140;382;809;3018;0;49;2546;4424;2874;1246;490;2000;18153;14327;86;13090;5888
2016-11-14T20:00:00;1134;382;798;3158;0;49;2553;4434;2787;1168;414;1910;17905;13949;65;12852;5935
2016-11-14T20:15:00;1129;380;798;3241;0;49;2547;4409;2670;1092;519;1883;17508;13469;93;12601;6116
2016-11-14T20:30:00;1129;379;792;3287;0;49;2550;4395;2537;1071;431;1749;17236;13157;126;12302;6067
2016-11-14T20:45:00;1131;363;793;3340;0;49;2554;4322;2484;1044;392;1780;16939;12806;233;12184;6068
2016-11-14T21:00:00;1131;367;795;3372;0;49;2562;4096;2451;970;252;1748;16782;12616;139;11827;5966
2016-11-14T21:15:00;1129;369;784;3422;0;49;2556;4009;2390;906;408;1783;16603;12398;200;11644;6161
2016-11-14T21:30:00;1127;365;766;3448;0;49;2548;3995;2328;845;289;1799;16370;12156;230;11515;6044
2016-11-14T21:45:00;1128;362;757;3485;0;49;2542;3986;2299;806;65;1772;16017;11775;323;11405;5846
2016-11-14T22:00:00;1124;373;747;3461;0;49;2564;3948;2286;808;270;1806;15932;11724;246;11412;6024
2016-11-14T22:15:00;1125;373;737;3499;0;49;2561;3951;2264;810;373;1767;15757;11522;234;11353;6156
2016-11-14T22:30:00;1127;374;728;3510;0;49;2563;3953;2204;811;311;1847;15484;11246;340;11378;6099
2016-11-14T22:45:00;1128;363;713;3518;0;48;2540;3960;2113;808;361;1884;15203;10973;535;11305;6131
2016-11-14T23:00:00;1124;376;694;3536;0;48;2536;3997;1993;800;236;1596;14905;10675;271;10922;6014
2016-11-14T23:15:00;1122;370;680;3495;0;48;2532;4024;1902;765;119;1626;14607;10432;292;10849;5834
2016-11-14T23:30:00;1123;372;672;3443;0;48;2528;4042;1830;752;56;1658;14370;10256;362;10810;5714
2016-11-14T23:45:00;1122;369;669;3418;0;48;2511;4030;1787;735;135;1627;14134;10048;426;10690;5761
2016-11-15T00:00:00;1119;376;665;3404;0;48;2522;3974;1805;786;63;1365;13878;9809;409;10452;5675
2016-11-15T00:15:00;1119;379;668;3376;0;48;2517;3951;1749;760;66;1335;13758;9714;495;10312;5656
2016-11-15T00:30:00;1119;380;668;3359;0;48;2522;3951;1729;746;57;1333;13617;9591;572;10281;5631
2016-11-15T00:45:00;1118;378;660;3347;0;48;2530;3943;1694;749;64;1267;13372;9365;634;10183;5615
2016-11-15T01:00:00;1115;384;651;3294;0;48;2536;4051;1664;766;98;1246;13407;9462;401;10263;5590
2016-11-15T01:15:00;1114;375;643;3275;0;48;2530;4068;1662;743;32;1273;13252;9335;466;10276;5487
2016-11-15T01:30:00;1114;375;635;3281;0;48;2529;4075;1661;731;108;1214;13151;9235;523;10210;5561
2016-11-15T01:45:00;1115;375;633;3284;0;48;2525;4070;1658;729;25;1257;13090;9173;690;10239;5480
2016-11-15T02:00:00;1115;377;623;3267;0;48;2534;4009;1659;734;29;1278;13028;9138;825;10214;5459
2016-11-15T02:15:00;1117;376;606;3236;0;48;2533;3961;1668;731;24;1299;12964;9122;836;10192;5407
2016-11-15T02:30:00;1116;373;600;3214;0;48;2530;3958;1669;727;18;1301;12963;9150;849;10185;5369
2016-11-15T02:45:00;1114;376;587;3207;0;48;2519;3977;1676;728;20;1327;13008;9213;843;10227;5352
2016-11-15T03:00:00;1114;384;568;3194;0;48;2521;3983;1670;746;20;1250;13134;9372;808;10170;5328
2016-11-15T03:15:00;1114;374;554;3197;0;48;2526;3989;1670;731;90;1208;13124;9373;747;10124;5377
2016-11-15T03:30:00;1113;370;541;3209;0;48;2529;3994;1681;726;19;1239;13166;9417;772;10169;5300
2016-11-15T03:45:00;1114;380;533;3195;0;48;2529;3999;1697;724;21;1318;13221;9493;806;10267;5291
2016-11-15T04:00:00;1114;379;529;3185;0;48;2542;4001;1739;732;93;1375;13296;9581;839;10389;5348
2016-11-15T04:15:00;1111;368;526;3194;0;48;2561;3993;1730;731;21;1321;13325;9605;719;10336;5268
2016-11-15T04:30:00;1110;368;535;3179;0;48;2581;4008;1765;733;104;1298;13448;9734;613;10385;5344
2016-11-15T04:45:00;1112;368;547;3226;0;48;2582;3988;1807;734;98;1316;13561;9788;603;10427;5399
2016-11-15T05:00:00;1110;368;552;3267;0;48;2577;3961;1798;758;19;1441;13862;10043;670;10535;5364
2016-11-15T05:15:00;1112;381;562;3320;0;48;2588;3962;1840;776;77;1457;14074;10193;605;10623;5500
2016-11-15T05:30:00;1116;379;563;3323;0;48;2598;3969;1984;774;28;1438;14403;10517;458;10763;5457
2016-11-15T05:45:00;1120;378;564;3368;0;48;2597;3963;2113;808;147;1523;14791;10859;424;11004;5625
2016-11-15T06:00:00;1120;371;575;3480;0;47;2595;3922;2234;822;49;1659;15537;11482;481;11232;5642
2016-11-15T06:15:00;1123;374;556;3550;0;47;2612;3922;2339;924;73;1805;16208;12102;293;11602;5723
2016-11-15T06:30:00;1126;377;549;3587;0;47;2622;3930;2529;960;314;1832;16748;12612;106;11873;6000
2016-11-15T06:45:00;1127;374;572;3603;0;47;2629;3943;2676;1008;244;1913;17228;13054;6;12169;5967
2016-11-15T07:00:00;1125;373;607;3591;2;48;2621;4000;2846;1058;255;2021;17760;13560;2;12546;6001
2016-11-15T07:15:00;1123;376;606;3615;2;48;2629;4023;2926;1084;341;2018;17965;13743;2;12680;6111
2016-11-15T07:30:00;1126;372;631;3635;7;48;2627;4014;3015;1088;336;2110;18104;13832;1;12854;6155
2016-11-15T07:45:00;1127;374;661;3681;26;49;2628;4023;3076;1088;273;2209;18278;13911;1;13024;6191
2016-11-15T08:00:00;1128;375;673;3731;58;49;2626;4017;3065;1096;414;2273;18468;14007;0;13077;6428
2016-11-15T08:15:00;1135;378;644;3689;99;49;2626;3995;3047;1095;579;2288;18585;14153;2;13051;6573
2016-11-15T08:30:00;1133;375;619;3650;155;49;2627;3990;3068;1103;641;2241;18571;14146;1;13029;6622
2016-11-15T08:45:00;1128;371;628;3628;214;49;2625;4006;3082;1104;548;2278;18603;14134;2;13095;6566
2016-11-15T09:00:00;1129;371;618;3608;278;49;2625;4013;3102;1102;416;2198;18545;14041;1;13040;6469
2016-11-15T09:15:00;1129;371;629;3597;356;49;2624;4015;3094;1102;395;2202;18585;14003;2;13037;6526
2016-11-15T09:30:00;1130;372;657;3578;418;49;2621;4013;3100;1101;425;2270;18760;14107;27;13105;6629
2016-11-15T09:45:00;1130;372;679;3577;515;49;2625;4006;3104;1103;340;2228;18767;13996;42;13066;6662
2016-11-15T10:00:00;1131;373;710;3610;589;49;2623;4024;3110;1107;256;2210;18801;13892;42;13074;6718
2016-11-15T10:15:00;1129;361;709;3655;663;49;2615;3984;3094;1108;267;2285;18844;13818;151;13086;6833
2016-11-15T10:30:00;1126;343;725;3654;699;49;2623;3962;3114;1107;300;2241;18973;13895;78;13047;6896
2016-11-15T10:45:00;1125;344;727;3655;758;49;2622;3977;3121;1106;281;2198;19081;13941;52;13024;6939
2016-11-15T11:00:00;1127;374;745;3708;819;49;2622;4006;3135;1110;183;2168;19052;13780;150;13041;7005
2016-11-15T11:15:00;1127;372;745;3732;830;49;2621;4012;3141;1109;92;2232;19163;13858;43;13115;6947
2016-11-15T11:30:00;1125;371;745;3730;820;49;2623;4016;3139;1108;164;2178;19207;13912;63;13064;7004
2016-11-15T11:45:00;1122;370;739;3752;817;49;2620;4017;3134;1108;106;2175;19156;13848;38;13054;6955
2016-11-15T12:00:00;1122;359;742;3777;797;49;2620;4001;3160;1106;191;2139;19078;13763;35;13026;7037
2016-11-15T12:15:00;1123;370;739;3775;792;49;2618;3989;3177;1105;98;2178;18994;13688;60;13067;6946
2016-11-15T12:30:00;1126;369;735;3741;764;49;2617;3994;3193;1106;231;2164;19074;13834;41;13074;7015
2016-11-15T12:45:00;1123;369;720;3722;707;49;2616;3993;3202;1103;196;2204;19025;13877;72;13118;6886
2016-11-15T13:00:00;1123;369;692;3721;681;49;2619;3953;3218;1103;274;2236;19064;13971;57;13129;6909
2016-11-15T13:15:00;1124;369;664;3687;625;49;2619;3932;3223;1104;329;2200;18974;13997;58;13078;6847
2016-11-15T13:30:00;1125;369;605;3679;567;49;2621;3941;3220;1103;412;2153;18884;14033;35;13038;6806
2016-11-15T13:45:00;1122;369;552;3699;522;49;2618;3926;3205;1102;431;2182;18720;13947;60;13033;6744
2016-11-15T14:00:00;1118;370;526;3710;450;49;2618;3908;3205;1108;514;2231;18741;14055;57;13070;6737
2016-11-15T14:15:00;1120;371;557;3713;370;49;2621;3920;3210;1111;484;2322;18710;14071;53;13184;6664
2016-11-15T14:30:00;1124;370;528;3694;307;49;2623;3918;3216;1115;400;2236;18675;14146;45;13108;6472
2016-11-15T14:45:00;1125;371;501;3671;240;49;2621;3909;3218;1123;378;2247;18653;14241;38;13118;6335
2016-11-15T15:00:00;1126;372;490;3645;180;49;2619;3880;3215;1123;478;2307;18692;14377;26;13144;6340
2016-11-15T15:15:00;1132;378;485;3657;126;50;2622;3883;3217;1121;521;2269;18582;14315;51;13112;6349
2016-11-15T15:30:00;1130;392;493;3648;81;50;2625;3846;3219;1120;489;2205;18471;14249;44;13015;6283
2016-11-15T15:45:00;1135;393;497;3656;46;50;2624;3804;3217;1129;556;2125;18410;14211;34;12899;6333
2016-11-15T16:00:00;1139;395;496;3634;23;50;2620;3780;3205;1146;660;2113;18388;14235;34;12864;6397
2016-11-15T16:15:00;1138;397;481;3631;9;51;2624;3790;3201;1165;788;2091;18512;14391;34;12871;6495
2016-11-15T16:30:00;1136;399;460;3613;3;51;2625;3771;3204;1175;867;2160;18651;14575;34;12935;6529
2016-11-15T16:45:00;1138;400;429;3605;1;51;2625;3773;3212;1213;1191;2091;18848;14813;34;12914;6815
2016-11-15T17:00:00;1138;399;410;3600;0;51;2609;3783;3238;1279;938;2152;19052;15043;35;13061;6536
2016-11-15T17:15:00;1143;398;396;3597;0;51;2620;3800;3245;1302;924;2138;19154;15162;34;13105;6509
2016-11-15T17:30:00;1143;398;380;3653;0;51;2616;3807;3245;1292;945;2098;19190;15157;34;13058;6570
2016-11-15T17:45:00;1144;397;366;3695;0;51;2618;3808;3238;1274;1034;2117;19145;15085;34;13055;6687
2016-11-15T18:00:00;1146;399;350;3688;0;51;2620;3804;3231;1272;829;2077;19001;14963;34;13004;6463
2016-11-15T18:15:00;1147;398;328;3666;0;51;2616;3808;3234;1273;759;2135;18902;14908;33;13066;6349
2016-11-15T18:30:00;1147;394;314;3687;0;51;2609;3815;3229;1269;676;2162;18851;14851;33;13084;6269
2016-11-15T18:45:00;1146;393;282;3727;0;51;2608;3811;3227;1248;656;2128;18815;14806;33;13022;6255
2016-11-15T19:00:00;1147;387;261;3709;0;51;2617;3803;3185;1158;446;2256;18765;14795;79;13019;6001
2016-11-15T19:15:00;1145;378;247;3697;0;51;2616;3789;3167;1128;422;2201;18518;14575;110;12901;5940
2016-11-15T19:30:00;1144;380;229;3667;0;51;2617;3770;3131;1128;524;2095;18337;14441;103;12741;5995
2016-11-15T19:45:00;1142;377;210;3659;0;51;2614;3745;3123;1109;395;2069;18139;14271;113;12660;5834
2016-11-15T20:00:00;1139;379;182;3637;0;51;2619;3812;3150;1065;400;2117;17813;13994;35;12763;5788
2016-11-15T20:15:00;1141;376;168;3615;0;51;2611;3803;3128;1053;255;1963;17519;13736;34;12558;5606
2016-11-15T20:30:00;1142;378;158;3589;0;51;2615;3792;3052;1076;93;1843;17220;13472;26;12378;5411
2016-11-15T20:45:00;1143;375;168;3536;0;51;2610;3732;2982;1056;291;1853;16973;13269;49;12233;5564
2016-11-15T21:00:00;1139;372;166;3495;0;51;2615;3684;2917;1002;352;1787;16630;12969;49;12005;5575
2016-11-15T21:15:00;1139;372;172;3462;0;51;2614;3666;2899;997;84;1747;16446;12813;45;11923;5280
2016-11-15T21:30:00;1139;374;178;3388;0;51;2616;3675;2858;990;249;1831;16152;12586;248;11970;5379
2016-11-15T21:45:00;1137;372;190;3301;0;51;2611;3652;2785;960;238;1822;15891;12401;338;11830;5289
2016-11-15T22:00:00;1133;374;181;3219;0;51;2618;3636;2716;983;108;1797;15788;12388;95;11750;5066
2016-11-15T22:15:00;1131;370;189;3173;0;51;2612;3634;2628;950;133;1722;15498;12136;97;11546;5047
2016-11-15T22:30:00;1135;377;180;3139;0;51;2609;3653;2481;911;316;1716;15276;11957;77;11370;5198
2016-11-15T22:45:00;1133;376;167;3091;0;50;2603;3648;2410;884;64;1723;14884;11626;152;11268;4881
2016-11-15T23:00:00;1131;378;172;3069;0;50;2607;3624;2407;890;156;1652;14644;11404;95;11180;4956
2016-11-15T23:15:00;1134;374;167;2975;0;49;2597;3619;2376;893;230;1660;14284;11142;119;11145;4929
2016-11-15T23:30:00;1133;376;164;2884;0;49;2586;3629;2308;895;236;1618;13939;10892;185;11036;4842
2016-11-15T23:45:00;1131;376;162;2776;0;49;2583;3641;2267;883;43;1690;13775;10838;312;11064;4537
2016-11-16T00:00:00;1127;397;168;2703;0;49;2598;3663;2228;834;134;1712;13639;10769;181;11035;4578
2016-11-16T00:15:00;1127;388;159;2627;0;49;2594;3677;2238;844;113;1747;13398;10612;292;11100;4463
2016-11-16T00:30:00;1125;383;165;2562;0;49;2594;3694;2238;861;120;1775;13137;10410;594;11162;4404
2016-11-16T00:45:00;1123;384;166;2494;0;49;2601;3699;2218;856;76;1749;12937;10277;778;11123;4292
2016-11-16T01:00:00;1124;396;179;2423;0;49;2608;3708;2238;859;128;1756;12910;10309;687;11169;4299
2016-11-16T01:15:00;1124;388;191;2344;0;48;2604;3699;2249;858;91;1737;12734;10199;738;11147;4186
2016-11-16T01:30:00;1123;385;185;2302;0;48;2605;3689;2283;855;36;1694;12686;10199;788;11126;4079
2016-11-16T01:45:00;1124;375;191;2237;0;48;2601;3679;2294;855;27;1668;12516;10087;822;11097;4002
2016-11-16T02:00:00;1121;380;198;2179;0;48;2604;3673;2335;856;101;1579;12431;10054;832;11047;4027
2016-11-16T02:15:00;1121;376;209;2155;0;48;2603;3645;2315;854;22;1543;12391;10027;789;10960;3931
2016-11-16T02:30:00;1122;392;217;2135;0;48;2603;3629;2311;858;18;1510;12417;10065;720;10911;3932
2016-11-16T02:45:00;1120;389;221;2090;0;49;2600;3651;2307;857;19;1475;12456;10145;696;10890;3888
2016-11-16T03:00:00;1116;374;241;2051;0;49;2598;3707;2312;851;7;1513;12424;10132;875;10981;3838
2016-11-16T03:15:00;1114;375;254;2062;0;49;2592;3705;2310;872;67;1515;12454;10138;888;10994;3921
2016-11-16T03:30:00;1110;373;257;2015;0;49;2603;3708;2289;882;6;1514;12540;10268;825;10996;3810
2016-11-16T03:45:00;1110;366;251;2004;0;49;2602;3735;2268;870;6;1521;12613;10358;755;10996;3786
2016-11-16T04:00:00;1110;369;276;1992;0;49;2602;3815;2244;880;2;1527;12769;10501;883;11068;3798
2016-11-16T04:15:00;1108;366;274;1971;0;49;2598;3804;2267;892;3;1545;12808;10563;865;11106;3771
2016-11-16T04:30:00;1102;370;309;1939;0;49;2598;3817;2295;882;3;1493;12863;10614;756;11085;3772
2016-11-16T04:45:00;1090;375;317;1934;0;49;2592;3861;2334;860;4;1559;13041;10790;764;11206;3769
2016-11-16T05:00:00;1084;382;332;1926;0;49;2580;3953;2387;867;81;1706;13382;11125;850;11493;3854
2016-11-16T05:15:00;1085;375;371;1905;0;49;2575;3967;2479;881;3;1717;13526;11251;686;11619;3788
2016-11-16T05:30:00;1088;373;367;1895;0;49;2576;3967;2534;886;32;1556;13890;11628;218;11519;3804
2016-11-16T05:45:00;1089;367;374;1895;0;49;2573;3978;2565;897;99;1641;14234;11965;192;11654;3873
2016-11-16T06:00:00;1090;361;376;1921;0;49;2568;4079;2588;981;95;1771;14925;12627;398;11987;3892
2016-11-16T06:15:00;1092;374;399;1952;0;49;2577;4099;2620;1031;167;1838;15523;13173;186;12165;4033
2016-11-16T06:30:00;1097;369;416;1993;0;49;2573;4100;2686;1041;220;1980;16149;13740;57;12380;4144
2016-11-16T06:45:00;1101;363;438;2034;0;49;2576;4105;2752;1118;404;2139;16540;14068;39;12690;4389
2016-11-16T07:00:00;1113;361;463;2090;1;49;2565;4105;2826;1182;230;2264;16979;14426;54;12942;4307
2016-11-16T07:15:00;1130;362;457;2113;1;50;2574;4108;2892;1204;347;2343;17280;14709;42;13121;4460
2016-11-16T07:30:00;1133;361;449;2121;3;50;2573;4111;2938;1201;458;2387;17409;14836;67;13210;4575
2016-11-16T07:45:00;1134;360;440;2191;13;50;2573;4099;2975;1200;544;2390;17550;14907;87;13237;4732
2016-11-16T08:00:00;1139;367;431;2289;32;50;2573;4107;3005;1213;555;2307;17834;15082;20;13205;4863
2016-11-16T08:15:00;1139;369;454;2356;59;50;2573;4117;3036;1222;449;2324;17982;15114;3;13272;4876
2016-11-16T08:30:00;1137;370;496;2400;98;50;2571;4105;3048;1213;380;2387;18059;15065;31;13324;4931
2016-11-16T08:45:00;1139;371;510;2416;140;50;2569;4088;3062;1213;372;2424;18114;15049;75;13356;4998
2016-11-16T09:00:00;1136;368;516;2459;184;50;2567;4100;3031;1210;438;2414;18112;14953;58;13322;5151
2016-11-16T09:15:00;1137;369;523;2516;235;50;2566;4083;3017;1198;473;2421;18243;14969;56;13285;5303
2016-11-16T09:30:00;1135;371;548;2573;285;50;2570;4111;3013;1185;495;2446;18371;14965;63;13325;5457
2016-11-16T09:45:00;1135;372;564;2635;336;50;2565;4084;3001;1161;498;2443;18462;14927;79;13254;5590
2016-11-16T10:00:00;1131;372;573;2664;374;50;2572;4007;3027;1126;482;2395;18658;15047;34;13127;5646
2016-11-16T10:15:00;1132;374;596;2697;419;50;2571;3973;3048;1139;566;2281;18703;14991;34;13012;5834
2016-11-16T10:30:00;1128;374;579;2781;461;50;2571;3964;3039;1143;541;2247;18754;14932;34;12964;5914
2016-11-16T10:45:00;1130;375;598;2828;483;50;2566;3970;3046;1147;466;2275;18852;14944;38;13004;5930
2016-11-16T11:00:00;1131;372;642;2913;506;50;2568;3956;3058;1149;439;2272;18887;14828;34;13003;6053
2016-11-16T11:15:00;1129;372;665;3032;508;50;2566;3954;3066;1148;359;2275;18930;14725;33;13009;6115
2016-11-16T11:30:00;1128;373;682;3186;507;50;2568;3955;3046;1148;353;2260;19039;14664;49;12977;6279
2016-11-16T11:45:00;1131;376;688;3307;523;50;2567;3937;3058;1152;328;2275;19073;14556;66;12989;6403
2016-11-16T12:00:00;1130;376;707;3367;537;50;2570;3842;3045;1151;495;2248;18914;14304;33;12856;6662
2016-11-16T12:15:00;1131;378;716;3455;525;50;2569;3802;3074;1156;280;2285;18845;14149;33;12886;6535
2016-11-16T12:30:00;1128;381;713;3606;515;50;2569;3796;3055;1149;183;2314;18839;14004;33;12883;6576
2016-11-16T12:45:00;1127;385;698;3736;509;49;2568;3770;3037;1127;156;2290;18809;13867;94;12792;6660
2016-11-16T13:00:00;1130;388;676;3851;501;49;2569;3786;2951;1150;411;2289;18830;13803;52;12745;7006
2016-11-16T13:15:00;1134;391;677;3961;480;49;2568;3789;2923;1155;242;2200;18828;13711;65;12635;6934
2016-11-16T13:30:00;1134;393;694;4006;458;49;2554;3786;2890;1172;125;2215;18681;13523;79;12617;6859
2016-11-16T13:45:00;1132;394;701;3989;436;49;2543;3792;2788;1176;274;2201;18425;13299;101;12500;6975
2016-11-16T14:00:00;1125;399;701;4093;411;49;2533;3782;2771;1180;344;2118;18370;13165;80;12384;7122
2016-11-16T14:15:00;1123;396;714;4192;375;49;2535;3784;2781;1178;306;2087;18369;13088;68;12365;7155
2016-11-16T14:30:00;1131;398;719;4240;323;49;2535;3798;2782;1180;322;2061;18364;13082;71;12356;7182
2016-11-16T14:45:00;1131;400;711;4270;267;49;2532;3796;2738;1166;74;2068;18271;13023;74;12300;6902
2016-11-16T15:00:00;1131;401;715;4248;225;50;2540;3804;2758;1182;213;2085;18356;13169;56;12369;6983
2016-11-16T15:15:00;1133;401;745;4217;163;50;2538;3798;2727;1188;208;2075;18215;13090;66;12326;6917
2016-11-16T15:30:00;1134;402;751;4228;108;50;2534;3806;2729;1187;175;2039;18161;13074;82;12295;6848
2016-11-16T15:45:00;1135;404;754;4293;64;50;2536;3811;2726;1183;108;2007;18106;12996;81;12263;6808
2016-11-16T16:00:00;1141;408;756;4355;36;50;2524;3813;2735;1166;82;2141;18245;13099;204;12379;6828
2016-11-16T16:15:00;1141;410;756;4472;17;50;2532;3825;2739;1171;125;2099;18315;13071;55;12366;6971
2016-11-16T16:30:00;1140;409;780;4490;8;50;2531;3838;2736;1190;148;2079;18420;13142;35;12374;7025
2016-11-16T16:45:00;1142;410;807;4493;3;50;2532;3851;2714;1198;276;2074;18651;13349;2;12369;7181
2016-11-16T17:00:00;1143;410;807;4468;0;50;2527;3842;2767;1229;334;2097;18892;13618;21;12462;7212
2016-11-16T17:15:00;1142;411;793;4505;0;50;2533;3851;2827;1246;400;2082;18989;13692;19;12539;7301
2016-11-16T17:30:00;1145;411;785;4582;0;50;2530;3853;2871;1249;306;2079;18989;13623;33;12582;7279
2016-11-16T17:45:00;1147;410;788;4648;0;50;2524;3872;2887;1236;237;2048;18942;13506;67;12567;7280
2016-11-16T18:00:00;1148;410;787;4705;0;50;2520;3890;2826;1198;82;1938;18763;13271;109;12372;7182
2016-11-16T18:15:00;1150;410;792;4752;0;50;2527;3903;2755;1205;124;1852;18652;13108;117;12242;7278
2016-11-16T18:30:00;1149;412;760;4802;0;50;2524;3909;2668;1176;188;1813;18614;13052;84;12090;7361
2016-11-16T18:45:00;1148;413;749;4858;0;50;2524;3926;2614;1131;126;1810;18532;12925;92;12005;7344
2016-11-16T19:00:00;1143;414;742;4863;0;50;2529;3891;2503;1056;302;1808;18479;12874;94;11787;7514
2016-11-16T19:15:00;1144;415;752;4884;0;50;2523;3863;2434;998;240;1814;18292;12656;111;11632;7485
2016-11-16T19:30:00;1143;418;735;4957;0;50;2523;3855;2358;922;243;1729;18112;12420;159;11387;7546
2016-11-16T19:45:00;1144;420;688;5015;0;50;2518;3850;2227;841;250;1810;17942;12238;203;11246;7567
2016-11-16T20:00:00;1141;417;733;4998;0;50;2529;3793;1968;865;182;1771;17551;11820;190;10926;7521
2016-11-16T20:15:00;1140;418;776;4972;0;50;2522;3802;1846;792;88;1732;17223;11475;204;10694;7444
2016-11-16T20:30:00;1140;422;789;4883;0;50;2521;3799;1742;718;247;1730;16890;11218;260;10510;7531
2016-11-16T20:45:00;1139;421;785;4867;0;50;2518;3790;1648;666;40;1692;16550;10899;307;10314;7302
2016-11-16T21:00:00;1135;432;739;4852;0;50;2525;3795;1563;637;159;1698;16530;10940;205;10218;7367
2016-11-16T21:15:00;1136;432;715;4807;0;50;2502;3789;1525;636;137;1692;16257;10736;225;10144;7277
2016-11-16T21:30:00;1137;431;726;4768;0;50;2500;3764;1539;634;261;1617;15993;10499;267;10054;7373
2016-11-16T21:45:00;1137;432;749;4719;0;50;2487;3709;1534;629;40;1583;15738;10271;343;9942;7127
2016-11-16T22:00:00;1134;441;777;4600;0;50;2492;3677;1529;626;268;1602;15668;10292;203;9926;7270
2016-11-16T22:15:00;1134;431;766;4571;0;50;2484;3672;1467;622;235;1580;15308;9972;277;9825;7187
2016-11-16T22:30:00;1133;429;720;4587;0;50;2480;3666;1469;613;27;1501;15009;9702;387;9729;6946
2016-11-16T22:45:00;1133;431;666;4537;0;50;2466;3661;1468;610;20;1504;14679;9476;522;9709;6837
2016-11-16T23:00:00;1131;436;644;4485;0;50;2491;3669;1421;617;41;1390;14336;9207;401;9588;6787
2016-11-16T23:15:00;1131;430;685;4482;0;50;2485;3647;1319;610;21;1379;14018;8851;514;9440;6799
2016-11-16T23:30:00;1130;432;712;4447;0;49;2492;3639;1211;606;5;1483;13822;8664;648;9431;6775
2016-11-16T23:45:00;1125;435;720;4376;0;49;2487;3639;1147;606;6;1494;13592;8497;695;9373;6711
2016-11-17T00:00:00;1117;433;715;4327;0;48;2504;3655;1110;613;100;1077;13023;7982;573;8959;6740
2016-11-17T00:15:00;1116;435;712;4307;0;48;2503;3622;1097;592;99;1058;12758;7740;734;8872;6717
2016-11-17T00:30:00;1116;432;690;4263;0;48;2522;3583;1096;581;10;1051;12677;7724;773;8833;6559
2016-11-17T00:45:00;1116;439;711;4144;0;49;2517;3540;1112;542;10;1088;12571;7716;844;8799;6469
2016-11-17T01:00:00;1115;459;718;4052;0;48;2537;3476;1128;534;78;1095;12630;7860;645;8770;6470
2016-11-17T01:15:00;1114;442;716;3983;0;48;2558;3441;1136;526;153;1141;12419;7720;679;8802;6456
2016-11-17T01:30:00;1115;437;730;3958;0;48;2566;3441;1146;525;56;1129;12386;7698;680;8807;6344
2016-11-17T01:45:00;1116;440;705;3892;0;48;2561;3452;1145;525;53;1129;12312;7715;681;8812;6254
2016-11-17T02:00:00;1112;439;682;3837;0;48;2570;3503;1163;524;61;1087;12234;7716;603;8847;6179
2016-11-17T02:15:00;1111;438;665;3834;0;48;2568;3536;1161;523;25;1147;12187;7689;645;8935;6121
2016-11-17T02:30:00;1111;441;639;3841;0;48;2575;3567;1164;525;43;1214;12235;7755;734;9045;6123
2016-11-17T02:45:00;1111;439;629;3801;0;48;2578;3575;1159;525;54;1267;12278;7848;776;9104;6082
2016-11-17T03:00:00;1112;439;624;3766;0;48;2578;3617;1146;526;23;1340;12221;7832;874;9207;6012
2016-11-17T03:15:00;1112;438;658;3738;0;48;2569;3642;1136;524;11;1364;12178;7782;932;9235;6005
2016-11-17T03:30:00;1111;442;689;3743;0;48;2563;3628;1113;524;30;1364;12274;7843;910;9192;6063
2016-11-17T03:45:00;1112;439;673;3785;0;48;2564;3627;1085;524;38;1339;12398;7941;828;9139;6095
2016-11-17T04:00:00;1111;441;652;3809;0;48;2557;3640;1075;531;49;1320;12581;8120;725;9123;6110
2016-11-17T04:15:00;1113;445;642;3795;0;48;2557;3647;1071;531;148;1282;12747;8311;616;9088;6191
2016-11-17T04:30:00;1115;445;626;3809;0;48;2563;3645;1070;532;186;1246;12837;8402;508;9056;6229
2016-11-17T04:45:00;1117;443;631;3753;0;47;2563;3645;1205;530;88;1266;12930;8546;513;9209;6079
2016-11-17T05:00:00;1121;446;608;3672;0;47;2542;3640;1472;534;84;1364;13333;9053;548;9552;5978
2016-11-17T05:15:00;1122;451;553;3634;0;47;2540;3642;1682;540;54;1350;13547;9360;529;9754;5861
2016-11-17T05:30:00;1122;451;631;3625;0;47;2533;3693;1819;558;131;1324;13920;9665;276;9927;6007
2016-11-17T05:45:00;1120;452;670;3592;0;47;2522;3705;2022;576;132;1393;14254;9993;278;10218;6013
2016-11-17T06:00:00;1107;457;623;3657;0;47;2507;3700;2116;635;46;1622;14870;10591;475;10580;5937
2016-11-17T06:15:00;1126;470;597;3699;0;48;2523;3747;2154;699;80;1642;15586;11291;343;10765;6020
2016-11-17T06:30:00;1128;477;583;3702;0;49;2533;3755;2246;708;171;1679;16125;11841;156;10921;6110
2016-11-17T06:45:00;1127;478;565;3756;0;49;2533;3765;2380;748;419;1661;16567;12246;123;11087;6394
2016-11-17T07:00:00;1130;472;601;3718;3;50;2524;3824;2491;799;318;1682;17089;12767;263;11320;6292
2016-11-17T07:15:00;1135;477;565;3670;3;50;2533;3862;2537;813;397;1695;17473;13235;131;11440;6297
2016-11-17T07:30:00;1134;472;538;3602;5;49;2532;3861;2588;814;543;1788;17570;13425;144;11583;6343
2016-11-17T07:45:00;1134;470;607;3632;17;49;2530;3857;2642;814;574;1788;17715;13459;144;11631;6483
2016-11-17T08:00:00;1138;473;588;3639;44;49;2529;3855;2701;841;861;1825;17889;13618;52;11751;6792
2016-11-17T08:15:00;1139;480;630;3599;80;49;2528;3854;2776;846;796;1895;18048;13739;49;11899;6773
2016-11-17T08:30:00;1137;476;628;3595;128;50;2532;3850;2835;846;792;1925;18143;13792;54;11988;6806
2016-11-17T08:45:00;1137;475;710;3576;186;49;2530;3840;2848;843;725;1900;18131;13659;67;11961;6858
2016-11-17T09:00:00;1133;475;701;3615;259;49;2530;3856;2854;848;685;1921;18067;13493;133;12009;6917
2016-11-17T09:15:00;1132;475;700;3623;348;49;2530;3852;2866;848;671;1953;18135;13465;138;12049;6998
2016-11-17T09:30:00;1131;475;679;3657;436;49;2529;3861;2878;848;644;1977;18183;13411;123;12093;7071
2016-11-17T09:45:00;1126;475;638;3696;521;49;2527;3862;2866;842;621;2010;18272;13417;124;12107;7126
2016-11-17T10:00:00;1126;474;695;3768;604;50;2527;3893;2856;836;662;1892;18465;13398;67;12004;7379
2016-11-17T10:15:00;1127;474;707;3918;690;49;2527;3889;2857;828;577;1818;18432;13118;121;11919;7542
2016-11-17T10:30:00;1129;473;710;4005;777;50;2528;3906;2846;824;490;1780;18478;12986;139;11884;7634
2016-11-17T10:45:00;1131;472;703;4030;867;50;2527;3901;2838;830;491;1762;18585;12986;161;11858;7744
2016-11-17T11:00:00;1126;453;734;4081;931;50;2528;3876;2798;834;468;1792;18703;12957;99;11828;7843
2016-11-17T11:15:00;1126;452;756;4135;966;50;2525;3868;2796;821;393;1823;18688;12831;136;11833;7878
2016-11-17T11:30:00;1125;451;760;4191;1056;50;2526;3860;2744;798;414;1759;18696;12690;138;11687;8047
2016-11-17T11:45:00;1123;452;759;4217;1096;50;2523;3865;2697;794;376;1750;18625;12554;193;11629;8073
2016-11-17T12:00:00;1124;452;754;4298;1169;50;2527;3868;2648;804;469;1794;18629;12408;99;11641;8316
2016-11-17T12:15:00;1125;452;725;4387;1248;50;2525;3860;2578;832;375;1794;18588;12228;99;11589;8362
2016-11-17T12:30:00;1127;446;697;4389;1265;50;2525;3881;2505;841;389;1702;18619;12268;117;11454;8363
2016-11-17T12:45:00;1131;439;701;4401;1270;50;2519;3892;2404;836;578;1811;18619;12248;128;11462;8570
2016-11-17T13:00:00;1132;439;658;4429;1235;50;2527;3909;2287;805;589;1824;18740;12419;34;11352;8532
2016-11-17T13:15:00;1133;450;696;4435;1127;50;2526;3903;2263;804;331;1884;18684;12427;29;11380;8222
2016-11-17T13:30:00;1136;450;710;4529;1072;50;2529;3897;2223;805;531;1854;18522;12210;73;11308;8478
2016-11-17T13:45:00;1134;456;720;4585;987;50;2522;3897;2222;804;446;1831;18333;12041;86;11276;8378
2016-11-17T14:00:00;1133;454;750;4601;921;50;2524;3899;2322;806;429;1887;18310;12039;122;11438;8338
2016-11-17T14:15:00;1130;457;731;4617;849;50;2525;3905;2364;808;281;1866;18334;12137;124;11468;8115
2016-11-17T14:30:00;1132;456;713;4589;728;50;2524;3905;2386;806;306;1837;18333;12303;73;11458;7974
2016-11-17T14:45:00;1135;457;718;4644;601;50;2519;3896;2415;806;260;1847;18278;12315;80;11483;7865
2016-11-17T15:00:00;1134;463;743;4635;475;50;2526;3882;2356;811;430;1858;18263;12410;105;11433;7930
2016-11-17T15:15:00;1135;458;730;4654;364;50;2524;3875;2380;813;429;1823;18227;12479;63;11415;7820
2016-11-17T15:30:00;1135;464;711;4659;249;50;2527;3874;2380;809;287;1831;18206;12589;40;11421;7555
2016-11-17T15:45:00;1138;463;712;4705;150;50;2525;3884;2364;766;338;1874;18167;12600;44;11413;7556
2016-11-17T16:00:00;1139;456;716;4723;76;50;2521;3875;2362;795;428;1855;18217;12703;57;11408;7588
2016-11-17T16:15:00;1141;458;712;4788;29;50;2526;3876;2329;824;450;1868;18266;12737;44;11423;7628
2016-11-17T16:30:00;1141;458;716;4855;12;50;2526;3871;2362;830;550;1825;18395;12812;38;11414;7782
2016-11-17T16:45:00;1142;454;743;5015;4;50;2526;3872;2377;830;728;1803;18653;12891;34;11408;8136
2016-11-17T17:00:00;1143;455;771;5232;0;50;2515;3879;2436;829;587;1813;18926;12923;34;11472;8238
2016-11-17T17:15:00;1143;459;779;5306;0;50;2522;3888;2418;833;743;1817;19031;12947;34;11478;8480
2016-11-17T17:30:00;1142;455;781;5327;0;50;2520;3889;2410;834;677;1802;19070;12962;33;11455;8432
2016-11-17T17:45:00;1142;456;789;5344;0;50;2520;3877;2363;831;663;1802;19042;12910;33;11393;8444
2016-11-17T18:00:00;1140;450;787;5464;0;50;2521;3893;2242;817;345;1752;18963;12713;33;11225;8236
2016-11-17T18:15:00;1142;440;787;5598;0;50;2524;3893;2173;787;239;1736;18821;12436;33;11113;8256
2016-11-17T18:30:00;1141;438;795;5708;0;49;2523;3891;2098;768;240;1747;18850;12348;33;11027;8371
2016-11-17T18:45:00;1143;437;797;5810;0;50;2523;3890;2137;742;290;1729;18874;12267;33;11021;8527
2016-11-17T19:00:00;1141;443;793;5796;0;50;2526;3891;1991;695;472;1752;18794;12206;33;10855;8695
2016-11-17T19:15:00;1140;443;788;5848;0;50;2521;3835;1950;673;372;1761;18479;11843;118;10740;8641
2016-11-17T19:30:00;1138;445;785;5949;0;50;2518;3802;1831;671;264;1706;18231;11497;169;10528;8631
2016-11-17T19:45:00;1137;445;760;6068;0;50;2507;3703;1750;669;200;1701;17979;11151;200;10330;8660
2016-11-17T20:00:00;1134;454;762;6156;0;50;2527;3677;1537;665;550;1349;17712;10794;50;9755;9106
2016-11-17T20:15:00;1133;458;783;6291;0;50;2523;3654;1386;663;303;1339;17425;10352;52;9565;9018
2016-11-17T20:30:00;1129;457;785;6452;0;50;2515;3657;1253;654;75;1367;16989;9753;111;9446;8948
2016-11-17T20:45:00;1129;456;774;6557;0;50;2512;3594;1141;648;62;1297;16705;9374;209;9192;9028
2016-11-17T21:00:00;1125;467;794;6624;0;50;2521;3451;1054;631;111;1097;16572;9155;155;8754;9171
2016-11-17T21:15:00;1125;460;799;6670;0;50;2517;3318;982;630;80;1056;16412;8943;166;8503;9184
2016-11-17T21:30:00;1125;461;786;6745;0;50;2500;3231;911;626;235;1175;16200;8669;345;8443;9402
2016-11-17T21:45:00;1123;454;789;6817;0;50;2470;3140;896;620;130;1191;15879;8274;461;8317;9363
2016-11-17T22:00:00;1124;464;792;6708;0;50;2491;3113;863;601;204;1126;15936;8436;243;8194;9342
2016-11-17T22:15:00;1124;462;797;6651;0;48;2498;3089;871;598;97;1088;15770;8322;235;8144;9179
2016-11-17T22:30:00;1126;460;799;6650;0;48;2508;2988;888;550;49;1116;15383;7934;376;8050;9132
2016-11-17T22:45:00;1126;458;801;6724;0;48;2503;2814;885;520;37;1173;15131;7607;457;7895;9194
2016-11-17T23:00:00;1125;462;800;6767;0;48;2497;2693;922;517;57;1138;14726;7159;406;7767;9259
2016-11-17T23:15:00;1123;460;802;6736;0;49;2495;2571;917;514;60;1106;14382;6844;523;7603;9230
2016-11-17T23:30:00;1124;458;804;6722;0;49;2502;2495;901;512;48;1058;14067;6541;637;7468;9205
2016-11-17T23:45:00;1120;452;803;6689;0;49;2500;2428;866;494;32;1097;13716;6225;787;7385;9145
2016-11-18T00:00:00;1111;463;802;6628;0;47;2493;2304;707;470;90;779;13375;5945;619;6753;9141
2016-11-18T00:15:00;1110;463;799;6599;0;44;2508;2162;681;453;106;769;13209;5812;486;6573;9121
2016-11-18T00:30:00;1108;457;801;6571;0;42;2511;2152;676;452;102;821;13038;5666;638;6612;9081
2016-11-18T00:45:00;1107;454;802;6499;0;42;2508;2151;675;443;46;834;12812;5511;700;6611;8950
2016-11-18T01:00:00;1104;459;800;6429;0;42;2496;2160;673;435;50;768;12803;5574;616;6532;8884
2016-11-18T01:15:00;1100;455;801;6389;0;41;2488;2152;673;435;82;734;12633;5443;687;6482;8868
2016-11-18T01:30:00;1102;455;795;6288;0;41;2490;2151;680;434;105;714;12540;5457;657;6469;8786
2016-11-18T01:45:00;1104;455;789;6214;0;41;2487;2150;699;435;64;874;12412;5409;845;6645;8667
2016-11-18T02:00:00;1107;456;790;6120;0;41;2504;2161;717;435;4;912;12255;5344;899;6729;8518
2016-11-18T02:15:00;1108;452;794;6037;0;41;2505;2183;721;448;2;872;12188;5357;909;6729;8434
2016-11-18T02:30:00;1109;454;792;6008;0;41;2503;2200;717;457;99;904;12312;5512;880;6781;8503
2016-11-18T02:45:00;1109;452;788;5946;0;41;2514;2250;716;463;93;892;12307;5574;897;6835;8429
2016-11-18T03:00:00;1108;451;788;5950;0;41;2523;2313;717;470;4;880;12351;5613;892;6903;8342
2016-11-18T03:15:00;1109;453;777;5913;0;42;2511;2339;708;480;90;923;12366;5677;865;6961;8384
2016-11-18T03:30:00;1108;453;768;5902;0;43;2522;2350;702;484;90;921;12400;5731;887;6979;8364
2016-11-18T03:45:00;1108;456;731;5922;0;43;2527;2384;691;492;3;908;12521;5868;865;7002;8263
2016-11-18T04:00:00;1113;455;701;5886;0;45;2523;2418;690;505;3;931;12655;6068;854;7067;8203
2016-11-18T04:15:00;1114;457;688;5813;0;46;2526;2494;704;506;3;909;12728;6228;816;7139;8121
2016-11-18T04:30:00;1115;457;694;5849;0;47;2542;2605;714;507;3;914;12904;6361;806;7282;8165
2016-11-18T04:45:00;1118;455;672;5852;0;47;2545;2704;760;510;3;899;12940;6417;822;7418;8147
2016-11-18T05:00:00;1124;453;637;6031;0;46;2539;2863;836;510;93;907;13241;6573;821;7655;8384
2016-11-18T05:15:00;1125;452;652;6035;0;46;2540;2993;860;517;3;948;13351;6664;805;7858;8313
2016-11-18T05:30:00;1125;456;643;6078;0;46;2532;3096;914;520;3;1012;13770;7049;758;8074;8351
2016-11-18T05:45:00;1125;456;634;6166;0;46;2530;3123;998;520;215;1213;14092;7292;753;8384;8642
2016-11-18T06:00:00;1127;456;669;6305;0;46;2519;3131;1164;525;37;1485;14903;7929;758;8824;8640
2016-11-18T06:15:00;1130;459;612;6317;0;46;2523;3138;1253;530;40;1494;15566;8638;356;8938;8604
2016-11-18T06:30:00;1132;459;624;6117;0;46;2540;3147;1389;542;194;1531;16136;9395;136;9149;8572
2016-11-18T06:45:00;1131;462;653;5978;0;46;2549;3142;1552;546;457;1653;16640;10009;96;9442;8727
2016-11-18T07:00:00;1132;450;683;5938;3;46;2560;3116;1671;549;414;1592;17150;10526;89;9488;8666
2016-11-18T07:15:00;1135;445;664;5993;3;46;2577;3083;1756;551;578;1649;17401;10742;15;9616;8864
2016-11-18T07:30:00;1136;443;620;6102;13;46;2579;2998;1798;553;862;1681;17616;10882;16;9609;9222
2016-11-18T07:45:00;1138;464;584;6084;60;46;2582;2988;1808;554;996;1662;17682;10955;3;9594;9372
2016-11-18T08:00:00;1142;449;638;6179;133;46;2578;2953;1817;592;1034;1757;17844;10894;16;9697;9621
2016-11-18T08:15:00;1144;440;659;6338;213;47;2582;2956;1834;620;952;1822;17991;10782;17;9814;9793
2016-11-18T08:30:00;1144;439;682;6501;305;46;2584;2948;1833;621;853;1813;18053;10565;23;9799;9970
2016-11-18T08:45:00;1139;439;683;6365;386;47;2584;2968;1844;621;732;1813;18102;10668;19;9830;9791
2016-11-18T09:00:00;1140;455;663;6246;501;47;2587;2972;1863;632;709;1847;18101;10692;3;9901;9761
2016-11-18T09:15:00;1138;471;613;6186;606;47;2588;2978;1860;691;657;1860;18136;10731;3;9977;9718
2016-11-18T09:30:00;1137;461;620;6146;720;47;2585;2974;1857;665;711;1855;18158;10673;10;9936;9842
2016-11-18T09:45:00;1136;442;663;6209;844;47;2586;2977;1857;674;624;1856;18227;10511;61;9950;9965
2016-11-18T10:00:00;1131;465;687;6168;961;47;2586;2982;1837;705;488;1881;18325;10509;40;9991;9947
2016-11-18T10:15:00;1130;441;716;6197;1100;47;2582;2978;1841;705;443;1865;18301;10289;75;9971;10074
2016-11-18T10:30:00;1129;441;734;6200;1223;47;2585;2976;1838;704;391;1785;18401;10244;83;9888;10165
2016-11-18T10:45:00;1130;460;742;6165;1296;47;2585;2987;1837;711;398;1799;18485;10283;54;9919;10238
2016-11-18T11:00:00;1122;445;751;6175;1315;47;2586;2984;1914;746;328;1710;18484;10243;72;9940;10183
2016-11-18T11:15:00;1122;445;748;6066;1304;47;2585;3051;1904;746;283;1676;18491;10374;66;9962;10015
2016-11-18T11:30:00;1124;455;771;5973;1255;47;2585;3086;1907;741;220;1755;18556;10557;54;10074;9845
2016-11-18T11:45:00;1127;442;776;5991;1231;47;2582;3090;1912;760;370;1711;18535;10538;62;10055;9984
2016-11-18T12:00:00;1130;435;771;5944;1186;47;2583;3108;1879;784;305;1658;18403;10502;79;10012;9818
2016-11-18T12:15:00;1129;433;766;5971;1164;47;2582;3112;1853;784;273;1604;18287;10388;86;9935;9783
2016-11-18T12:30:00;1127;432;779;5925;1125;47;2580;3119;1868;786;108;1626;18153;10325;111;9979;9543
2016-11-18T12:45:00;1126;432;778;5888;1099;47;2576;3155;1878;782;153;1626;18164;10399;138;10017;9523
2016-11-18T13:00:00;1125;453;782;5837;1086;47;2584;3204;1879;774;294;1635;18165;10459;114;10076;9624
2016-11-18T13:15:00;1128;435;789;5838;1048;46;2578;3197;1875;773;229;1584;17997;10323;131;10007;9513
2016-11-18T13:30:00;1133;449;793;5820;983;46;2577;3194;1860;771;272;1507;17802;10207;187;9909;9496
2016-11-18T13:45:00;1131;440;795;5754;943;46;2567;3177;1857;771;86;1436;17620;10129;204;9808;9195
2016-11-18T14:00:00;1125;469;794;5725;860;46;2583;3201;1884;768;334;1490;17639;10261;161;9926;9353
2016-11-18T14:15:00;1126;458;793;5631;774;46;2586;3203;1919;766;307;1503;17607;10409;129;9977;9135
2016-11-18T14:30:00;1128;468;790;5506;689;46;2587;3210;1846;766;341;1571;17596;10612;66;9980;8968
2016-11-18T14:45:00;1126;458;791;5364;565;47;2585;3203;1845;768;369;1629;17558;10839;65;10030;8720
2016-11-18T15:00:00;1129;453;791;5252;456;47;2568;3219;1856;765;401;1715;17595;11097;53;10123;8529
2016-11-18T15:15:00;1130;440;784;5190;334;47;2539;3232;1913;763;405;1693;17571;11263;64;10140;8330
2016-11-18T15:30:00;1133;442;791;5161;233;47;2538;3234;1960;765;173;1704;17504;11320;35;10201;7980
2016-11-18T15:45:00;1137;453;791;5153;137;47;2538;3228;1998;771;176;1722;17534;11453;38;10257;7894
2016-11-18T16:00:00;1136;456;791;5138;68;47;2535;3279;1995;763;208;1668;17525;11528;133;10240;7844
2016-11-18T16:15:00;1140;457;794;5085;28;47;2539;3334;2009;763;246;1660;17585;11678;139;10305;7797
2016-11-18T16:30:00;1144;465;792;5168;13;47;2540;3364;2023;764;315;1667;17910;11938;83;10358;7944
2016-11-18T16:45:00;1142;464;790;5254;6;47;2544;3373;2023;765;487;1715;18131;12082;53;10420;8190
2016-11-18T17:00:00;1141;458;791;5321;0;47;2533;3369;1969;767;685;1774;18455;12343;64;10412;8443
2016-11-18T17:15:00;1141;446;788;5426;0;47;2540;3399;1964;769;893;1749;18488;12274;49;10421;8741
2016-11-18T17:30:00;1147;445;787;5464;0;47;2534;3378;1966;770;929;1737;18470;12218;64;10385;8819
2016-11-18T17:45:00;1146;445;790;5447;0;47;2539;3374;1949;769;921;1675;18435;12198;66;10306;8796
2016-11-18T18:00:00;1146;439;786;5531;0;47;2527;3395;1851;766;829;1619;18266;11950;98;10158;8778
2016-11-18T18:15:00;1148;440;786;5610;0;47;2527;3390;1795;746;708;1595;18151;11756;114;10053;8739
2016-11-18T18:30:00;1150;439;781;5656;0;47;2537;3387;1784;747;630;1618;18088;11652;114;10073;8703
2016-11-18T18:45:00;1151;446;791;5709;0;47;2541;3388;1765;744;513;1689;18074;11573;111;10127;8657
2016-11-18T19:00:00;1147;448;790;5655;0;47;2542;3382;1684;741;551;1704;18034;11589;101;10053;8638
2016-11-18T19:15:00;1145;446;789;5643;0;47;2538;3368;1598;740;494;1698;17823;11391;118;9942;8564
2016-11-18T19:30:00;1150;438;782;5682;0;47;2541;3362;1478;742;392;1716;17613;11149;115;9839;8491
2016-11-18T19:45:00;1150;435;767;5641;0;47;2537;3378;1421;740;306;1745;17453;11045;160;9821;8346
2016-11-18T20:00:00;1143;435;777;5668;0;47;2553;3413;1307;735;293;1515;17025;10581;120;9523;8363
2016-11-18T20:15:00;1139;427;783;5656;0;47;2552;3332;1222;732;188;1503;16685;10245;150;9341;8240
2016-11-18T20:30:00;1138;429;784;5628;0;47;2568;3323;1174;731;251;1445;16399;9988;232;9241;8277
2016-11-18T20:45:00;1134;435;781;5719;0;47;2570;3236;1099;729;227;1369;16059;9560;330;9003;8343
2016-11-18T21:00:00;1136;448;779;5677;0;47;2593;3091;1080;727;134;1295;15921;9465;146;8786;8221
2016-11-18T21:15:00;1135;441;773;5665;0;47;2579;3105;1016;720;181;1245;15713;9275;169;8665;8242
2016-11-18T21:30:00;1134;438;746;5698;0;47;2574;3107;962;706;325;1178;15418;8974;234;8527;8388
2016-11-18T21:45:00;1133;430;770;5729;0;47;2560;3088;901;703;246;1181;15024;8525;342;8433;8355
2016-11-18T22:00:00;1130;439;768;5577;0;47;2562;3063;804;701;286;1255;15236;8891;116;8385;8247
2016-11-18T22:15:00;1131;436;772;5534;0;47;2560;3055;749;697;282;1298;15137;8831;132;8359;8202
2016-11-18T22:30:00;1131;433;768;5435;0;47;2560;3044;722;693;383;1413;14836;8632;235;8432;8197
2016-11-18T22:45:00;1130;432;758;5369;0;48;2568;3052;724;691;207;1297;14514;8387;221;8332;7944
2016-11-18T23:00:00;1128;435;760;5305;0;48;2584;3090;757;688;491;1207;14372;8308;131;8326;8167
2016-11-18T23:15:00;1128;448;760;5231;0;48;2579;3104;740;680;283;1117;14063;8072;109;8220;7898
2016-11-18T23:30:00;1129;462;754;5194;0;48;2585;3112;747;679;205;1121;13854;7907;210;8244;7792
2016-11-18T23:45:00;1126;450;748;5119;0;48;2587;3123;726;679;65;1215;13570;7703;460;8330;7556
2016-11-19T00:00:00;1126;449;734;5079;0;48;2596;3116;784;659;12;1133;13256;7442;736;8288;7448
2016-11-19T00:15:00;1128;447;711;4989;0;48;2586;3136;764;637;10;1073;12979;7280;820;8196;7333
2016-11-19T00:30:00;1128;446;723;4975;0;48;2590;3146;773;614;11;940;12847;7149;787;8063;7331
2016-11-19T00:45:00;1129;445;723;4925;0;48;2588;3133;755;591;8;937;12715;7068;800;8004;7278
2016-11-19T01:00:00;1127;457;721;4813;0;48;2596;3084;760;592;13;945;12610;7076;797;7977;7179
2016-11-19T01:15:00;1119;453;749;4674;0;48;2590;3059;745;578;10;873;12472;7049;755;7845;7053
2016-11-19T01:30:00;1117;474;764;4527;0;48;2594;2988;727;574;63;884;12410;7120;745;7767;6993
2016-11-19T01:45:00;1119;466;772;4359;0;48;2591;3001;665;572;56;902;12249;7118;670;7731;6820
2016-11-19T02:00:00;1119;461;774;4189;0;48;2596;3114;682;574;54;835;12139;7177;602;7801;6645
2016-11-19T02:15:00;1127;469;782;4057;0;48;2592;3135;704;574;49;699;12063;7224;556;7704;6532
2016-11-19T02:30:00;1127;477;769;3997;0;48;2591;3139;737;574;55;658;12044;7279;530;7699;6473
2016-11-19T02:45:00;1127;475;772;3935;0;48;2590;3150;750;575;69;712;12064;7357;572;7777;6426
2016-11-19T03:00:00;1125;476;778;3822;0;48;2594;3259;763;572;47;696;12079;7480;568;7884;6296
2016-11-19T03:15:00;1126;450;763;3745;0;48;2593;3339;780;567;54;723;12010;7503;606;8002;6186
2016-11-19T03:30:00;1129;445;725;3694;0;48;2595;3338;782;565;77;717;12041;7621;615;7997;6118
2016-11-19T03:45:00;1129;479;736;3609;0;48;2593;3337;786;541;92;744;12072;7728;640;8001;6093
2016-11-19T04:00:00;1128;445;733;3662;0;48;2594;3341;825;525;72;726;12157;7762;619;8011;6088
2016-11-19T04:15:00;1128;442;715;3646;0;48;2593;3349;853;498;80;755;12171;7810;640;8048;6059
2016-11-19T04:30:00;1129;461;698;3633;0;48;2593;3361;869;493;92;823;12235;7904;737;8139;6061
2016-11-19T04:45:00;1131;464;718;3648;0;48;2594;3348;867;495;91;891;12239;7873;804;8195;6100
2016-11-19T05:00:00;1134;440;714;3626;0;47;2589;3330;908;497;33;860;12223;7883;831;8184;5994
2016-11-19T05:15:00;1131;439;743;3616;0;47;2584;3327;933;498;17;837;12210;7851;860;8179;5993
2016-11-19T05:30:00;1131;441;750;3655;0;47;2574;3319;938;497;7;834;12105;7700;914;8162;6031
2016-11-19T05:45:00;1131;443;744;3639;0;47;2574;3313;914;491;83;888;12162;7779;914;8180;6087
2016-11-19T06:00:00;1133;440;731;3696;0;47;2580;3300;940;496;91;885;12157;7730;683;8201;6138
2016-11-19T06:15:00;1135;438;758;3693;0;48;2585;3327;1002;503;70;890;12294;7843;631;8307;6142
2016-11-19T06:30:00;1137;430;766;3718;0;49;2578;3333;1065;505;95;1004;12503;8019;678;8485;6195
2016-11-19T06:45:00;1139;424;783;3745;0;50;2583;3328;1152;509;7;1033;12699;8172;619;8605;6148
2016-11-19T07:00:00;1145;426;773;3753;1;50;2582;3284;1251;511;11;1141;13083;8556;413;8769;6159
2016-11-19T07:15:00;1145;433;756;3683;1;50;2586;3273;1333;516;123;1095;13310;8871;101;8803;6191
2016-11-19T07:30:00;1146;428;759;3580;2;50;2591;3273;1420;524;32;1191;13486;9145;48;8999;5997
2016-11-19T07:45:00;1147;420;740;3534;8;50;2588;3262;1444;528;251;1238;13685;9403;12;9060;6150
2016-11-19T08:00:00;1149;396;735;3553;32;50;2585;3252;1487;529;282;1284;14061;9740;24;9137;6197
2016-11-19T08:15:00;1149;397;738;3539;72;50;2593;3211;1582;531;168;1323;14239;9890;48;9240;6113
2016-11-19T08:30:00;1151;395;752;3554;133;50;2589;3181;1682;532;378;1370;14390;9952;83;9354;6413
2016-11-19T08:45:00;1153;396;752;3519;190;50;2591;3191;1754;534;265;1381;14631;10170;42;9451;6325
2016-11-19T09:00:00;1150;395;738;3444;252;50;2592;3214;1796;532;446;1301;14847;10414;54;9435;6475
2016-11-19T09:15:00;1153;394;751;3407;292;50;2595;3220;1794;533;480;1315;15000;10550;40;9457;6527
2016-11-19T09:30:00;1157;395;757;3368;329;50;2594;3224;1789;535;601;1309;15177;10724;35;9451;6657
2016-11-19T09:45:00;1158;396;770;3301;391;50;2597;3258;1788;536;649;1332;15265;10804;34;9511;6715
2016-11-19T10:00:00;1155;395;774;3232;444;50;2596;3343;1798;537;654;1326;15317;10867;34;9600;6704
2016-11-19T10:15:00;1151;396;760;3210;492;50;2597;3362;1825;534;752;1270;15363;10901;34;9588;6811
2016-11-19T10:30:00;1150;400;732;3148;534;49;2597;3358;1834;531;766;1257;15366;10953;34;9577;6779
2016-11-19T10:45:00;1152;399;734;3073;568;50;2594;3375;1838;530;737;1298;15382;11007;34;9635;6713
2016-11-19T11:00:00;1153;398;754;3042;597;50;2595;3474;1837;535;589;1280;15525;11133;33;9721;6583
2016-11-19T11:15:00;1156;409;746;3060;635;50;2594;3482;1856;539;413;1354;15565;11124;40;9825;6469
2016-11-19T11:30:00;1157;418;736;3057;669;50;2595;3492;1878;540;408;1369;15598;11136;65;9874;6495
2016-11-19T11:45:00;1157;405;729;3078;705;49;2590;3508;1888;541;305;1339;15539;11027;62;9866;6428
2016-11-19T12:00:00;1153;401;717;3157;725;49;2591;3524;1918;538;222;1348;15476;10877;105;9919;6424
2016-11-19T12:15:00;1154;396;717;3217;753;49;2586;3517;1916;540;331;1294;15350;10664;112;9853;6617
2016-11-19T12:30:00;1155;397;696;3234;780;49;2589;3529;1918;540;285;1326;15235;10526;128;9902;6596
2016-11-19T12:45:00;1154;398;711;3263;768;49;2581;3526;1900;537;269;1340;15148;10406;223;9884;6612
2016-11-19T13:00:00;1147;398;737;3224;796;49;2591;3530;1801;536;90;1320;15149;10392;128;9778;6441
2016-11-19T13:15:00;1144;397;733;3158;807;49;2591;3485;1784;535;357;1260;14936;10238;181;9655;6645
2016-11-19T13:30:00;1144;397;731;3149;786;50;2591;3354;1762;535;413;1181;14806;10141;183;9423;6670
2016-11-19T13:45:00;1147;397;731;3084;740;50;2582;3347;1754;535;322;1168;14538;9984;232;9386;6471
2016-11-19T14:00:00;1150;398;741;3072;688;50;2581;3338;1815;534;103;1213;14489;9988;230;9481;6202
2016-11-19T14:15:00;1150;399;738;3012;622;50;2591;3342;1810;534;105;1213;14446;10074;174;9490;6076
2016-11-19T14:30:00;1149;399;736;3026;545;50;2592;3347;1816;530;333;1206;14420;10113;165;9491;6238
2016-11-19T14:45:00;1149;398;725;2977;473;50;2590;3376;1820;530;125;1242;14325;10150;181;9558;5897
2016-11-19T15:00:00;1153;398;703;2959;398;50;2591;3437;1800;530;193;1239;14431;10371;163;9597;5854
2016-11-19T15:15:00;1155;399;716;2915;299;50;2595;3463;1805;531;318;1223;14416;10486;122;9617;5852
2016-11-19T15:30:00;1155;401;716;2833;212;50;2594;3482;1818;533;486;1212;14517;10755;102;9639;5853
2016-11-19T15:45:00;1155;401;685;2738;133;50;2595;3517;1825;533;594;1227;14538;10983;89;9697;5756
2016-11-19T16:00:00;1157;399;726;2747;63;50;2592;3525;1859;532;372;1336;14587;11051;153;9844;5514
2016-11-19T16:15:00;1158;401;735;2805;23;50;2595;3535;1855;530;579;1309;14743;11181;151;9824;5751
2016-11-19T16:30:00;1157;404;744;2787;8;50;2596;3550;1864;531;624;1439;15039;11500;107;9980;5774
2016-11-19T16:45:00;1157;410;728;2889;3;50;2596;3551;1867;531;797;1482;15348;11729;54;10027;6034
2016-11-19T17:00:00;1157;403;723;2952;0;50;2589;3508;1872;535;984;1430;15573;11899;41;9934;6269
2016-11-19T17:15:00;1158;407;717;2963;0;50;2593;3501;1877;539;1058;1483;15727;12047;34;9993;6353
2016-11-19T17:30:00;1158;408;690;2956;0;50;2588;3519;1876;541;1173;1473;15897;12251;33;9997;6435
2016-11-19T17:45:00;1157;404;720;3076;0;50;2589;3529;1870;540;1151;1449;15919;12123;65;9977;6558
2016-11-19T18:00:00;1154;402;705;3168;0;50;2586;3463;1845;541;1098;1451;15922;12049;44;9886;6577
2016-11-19T18:15:00;1153;401;702;3230;0;50;2588;3447;1847;540;987;1420;15771;11838;73;9842;6523
2016-11-19T18:30:00;1157;403;693;3284;0;50;2588;3450;1842;529;898;1447;15675;11699;88;9856;6485
2016-11-19T18:45:00;1155;400;683;3370;0;50;2591;3456;1807;533;893;1420;15605;11553;80;9807;6551
2016-11-19T19:00:00;1154;412;683;3410;0;50;2595;3521;1751;538;630;1547;15562;11469;22;9952;6339
2016-11-19T19:15:00;1156;406;717;3426;0;50;2589;3528;1722;540;511;1464;15405;11261;24;9843;6266
2016-11-19T19:30:00;1153;407;709;3468;0;50;2589;3554;1673;536;441;1313;15211;11035;70;9665;6228
2016-11-19T19:45:00;1154;409;665;3515;0;50;2585;3539;1595;535;377;1311;15064;10884;76;9565;6170
2016-11-19T20:00:00;1152;425;676;3499;0;50;2596;3484;1514;530;682;1334;14776;10601;26;9458;6484
2016-11-19T20:15:00;1153;427;700;3534;0;50;2591;3452;1461;531;416;1310;14494;10260;19;9345;6280
2016-11-19T20:30:00;1149;421;699;3555;0;50;2591;3456;1395;529;194;1451;14208;9955;214;9422;6068
2016-11-19T20:45:00;1149;418;707;3565;0;50;2568;3449;1324;524;141;1495;13925;9653;376;9360;6030
2016-11-19T21:00:00;1144;421;713;3610;0;50;2557;3386;1288;512;125;1389;13801;9478;161;9132;6063
2016-11-19T21:15:00;1147;419;698;3617;0;50;2546;3342;1245;510;111;1269;13666;9352;96;8912;6042
2016-11-19T21:30:00;1144;421;701;3612;0;50;2550;3338;1176;504;86;1250;13528;9215;105;8818;6014
2016-11-19T21:45:00;1146;422;713;3557;0;50;2554;3332;1095;502;101;1193;13441;9172;104;8676;5989
2016-11-19T22:00:00;1142;424;734;3484;0;50;2561;3401;1005;494;108;1245;13575;9357;57;8706;5942
2016-11-19T22:15:00;1143;430;733;3469;0;50;2564;3413;932;493;160;1193;13518;9317;25;8595;5985
2016-11-19T22:30:00;1145;424;726;3489;0;50;2566;3425;873;492;145;1171;13359;9144;29;8527;5979
2016-11-19T22:45:00;1145;421;722;3539;0;51;2562;3409;743;490;122;1124;13124;8862;36;8328;6000
2016-11-19T23:00:00;1141;423;737;3523;0;51;2563;3329;648;492;204;1001;12804;8544;53;8033;6079
2016-11-19T23:15:00;1141;420;752;3560;0;51;2547;3243;627;492;114;986;12551;8239;99;7895;6038
2016-11-19T23:30:00;1141;421;755;3575;0;51;2547;3185;616;492;81;984;12416;8086;128;7824;6024
2016-11-19T23:45:00;1140;420;747;3560;0;51;2544;3166;623;491;74;1070;12248;7940;286;7894;5992
2016-11-20T00:00:00;1135;423;747;3549;0;51;2570;3169;548;509;113;885;11951;7654;91;7681;6018
2016-11-20T00:15:00;1133;424;749;3564;0;51;2577;3112;505;503;92;840;11745;7432;120;7537;6013
2016-11-20T00:30:00;1133;424;737;3568;0;51;2571;3098;465;498;48;876;11546;7241;286;7508;5961
2016-11-20T00:45:00;1133;425;742;3581;0;51;2565;3066;421;495;48;893;11411;7088;385;7440;5980
2016-11-20T01:00:00;1131;433;740;3597;0;51;2585;3125;357;499;50;802;11318;6980;144;7368;6002
2016-11-20T01:15:00;1130;434;733;3590;0;51;2585;3024;355;500;96;759;11020;6697;228;7223;6034
2016-11-20T01:30:00;1129;433;724;3606;0;51;2586;2859;355;497;130;817;10944;6615;306;7114;6073
2016-11-20T01:45:00;1130;422;709;3680;0;51;2586;2821;329;498;83;855;10883;6495;352;7089;6075
2016-11-20T02:00:00;1127;429;692;3786;0;51;2588;2821;279;495;19;813;10774;6296;273;6996;6104
2016-11-20T02:15:00;1127;423;697;3848;0;51;2577;2761;279;497;98;905;10735;6190;388;7019;6244
2016-11-20T02:30:00;1128;419;701;3865;0;51;2577;2694;280;496;8;897;10696;6130;385;6944;6172
2016-11-20T02:45:00;1126;421;714;3902;0;51;2576;2620;277;495;13;903;10689;6073;391;6871;6227
2016-11-20T03:00:00;1125;419;714;3954;0;51;2573;2466;276;486;60;932;10615;5947;479;6733;6323
2016-11-20T03:15:00;1125;416;728;4046;0;51;2566;2354;275;474;78;811;10580;5806;339;6480;6444
2016-11-20T03:30:00;1123;415;722;4105;0;51;2565;2306;276;472;33;830;10635;5808;309;6449;6449
2016-11-20T03:45:00;1122;414;729;4196;0;51;2560;2237;274;464;65;813;10637;5713;326;6348;6577
2016-11-20T04:00:00;1121;414;732;4294;0;51;2546;2164;278;467;89;837;10644;5618;346;6292;6701
2016-11-20T04:15:00;1120;413;739;4397;0;51;2540;2138;279;467;4;844;10689;5553;372;6268;6724
2016-11-20T04:30:00;1117;413;747;4486;0;51;2531;2145;275;467;3;886;10758;5525;475;6304;6817
2016-11-20T04:45:00;1116;413;744;4579;0;51;2515;2158;272;456;4;895;10734;5411;557;6296;6907
2016-11-20T05:00:00;1110;414;741;4682;0;49;2462;2160;275;424;95;882;10743;5320;528;6203;7091
2016-11-20T05:15:00;1105;408;748;4781;0;45;2399;2099;274;403;4;860;10683;5155;513;6035;7091
2016-11-20T05:30:00;1106;411;748;4908;0;41;2375;2071;275;395;4;840;10596;4941;616;5956;7218
2016-11-20T05:45:00;1111;412;760;5012;0;40;2363;2074;274;395;6;789;10559;4787;742;5895;7341
2016-11-20T06:00:00;1115;416;765;5253;0;40;2344;2016;274;394;8;831;10526;4508;663;5859;7597
2016-11-20T06:15:00;1114;421;762;5378;0;39;2293;2014;272;394;11;830;10557;4417;662;5803;7725
2016-11-20T06:30:00;1117;421;759;5515;0;39;2254;2035;280;395;8;842;10644;4371;687;5806;7859
2016-11-20T06:45:00;1114;422;758;5681;0;39;2164;2031;287;397;9;867;10802;4363;613;5746;8023
2016-11-20T07:00:00;1111;422;749;5804;4;40;2098;2006;291;393;8;874;11004;4447;584;5662;8138
2016-11-20T07:15:00;1116;421;758;5907;4;40;2054;1995;297;394;8;841;11201;4533;552;5581;8254
2016-11-20T07:30:00;1085;406;757;6103;7;40;2017;2014;298;394;8;814;11315;4449;519;5537;8406
2016-11-20T07:45:00;1075;410;752;6287;51;40;2005;1923;298;395;9;836;11488;4397;501;5457;8624
2016-11-20T08:00:00;1122;422;742;6412;155;40;1983;1854;334;393;11;899;11706;4396;692;5463;8904
2016-11-20T08:15:00;1127;425;745;6460;301;40;1963;1910;357;399;14;998;12028;4522;714;5627;9112
2016-11-20T08:30:00;1128;427;749;6493;484;40;1956;1922;370;402;16;928;12291;4566;581;5578;9337
2016-11-20T08:45:00;1129;421;752;6506;641;40;1958;1984;384;402;10;950;12447;4548;640;5678;9499
2016-11-20T09:00:00;1128;426;757;6607;805;40;1963;2005;373;398;20;746;12799;4630;509;5485;9783
2016-11-20T09:15:00;1131;427;756;6667;993;40;1957;2005;374;402;69;643;13075;4660;364;5381;10083
2016-11-20T09:30:00;1130;423;757;6678;1161;40;1929;1992;377;401;122;674;13114;4519;463;5373;10311
2016-11-20T09:45:00;1131;425;761;6714;1360;40;1923;1975;377;400;46;638;13311;4476;450;5313;10477
2016-11-20T10:00:00;1130;420;763;6797;1595;39;1919;1962;363;424;20;786;13521;4367;576;5454;10764
2016-11-20T10:15:00;1132;422;775;6726;1781;39;1920;1964;348;448;9;773;13650;4368;597;5453;10884
2016-11-20T10:30:00;1129;422;784;6711;1933;39;1919;1929;347;447;10;831;13804;4377;621;5473;11028
2016-11-20T10:45:00;1132;421;783;6808;2108;39;1918;1895;347;444;10;831;13950;4252;625;5435;11301
2016-11-20T11:00:00;1134;423;782;6966;2239;39;1916;1883;347;443;10;788;14232;4246;601;5377;11593
2016-11-20T11:15:00;1132;428;780;7004;2272;39;1907;1885;347;479;18;774;14510;4454;507;5392;11673
2016-11-20T11:30:00;1133;427;782;7022;2316;39;1885;1913;342;513;18;789;14600;4481;521;5442;11737
2016-11-20T11:45:00;1129;428;783;7064;2339;39;1838;1919;319;521;21;795;14634;4448;462;5392;11803
2016-11-20T12:00:00;1127;432;784;7055;2325;39;1828;1953;280;522;20;894;14637;4473;379;5477;11782
2016-11-20T12:15:00;1129;432;784;7092;2299;39;1830;1963;264;522;24;926;14571;4396;570;5505;11799
2016-11-20T12:30:00;1129;425;784;7129;2260;39;1825;1968;263;518;19;901;14381;4208;643;5475;11785
2016-11-20T12:45:00;1129;427;786;7178;2179;39;1803;1921;261;515;21;968;14272;4130;735;5468;11759
2016-11-20T13:00:00;1128;427;785;7150;2111;39;1805;1888;263;516;28;1015;14173;4127;825;5487;11668
2016-11-20T13:15:00;1129;425;768;7111;2036;39;1809;1888;270;517;27;974;14052;4137;813;5458;11535
2016-11-20T13:30:00;1130;424;751;7107;1913;39;1810;1887;271;515;27;986;13834;4063;880;5469;11391
2016-11-20T13:45:00;1130;420;752;7123;1794;39;1809;1885;271;515;25;964;13625;3956;899;5444;11283
2016-11-20T14:00:00;1126;416;752;7292;1632;39;1820;1884;273;517;20;992;13532;3856;956;5486;11277
2016-11-20T14:15:00;1126;422;750;7288;1421;39;1828;1893;273;518;28;1054;13523;4063;951;5566;11074
2016-11-20T14:30:00;1125;424;748;7219;1212;39;1839;1915;273;518;36;1077;13470;4291;889;5622;10803
2016-11-20T14:45:00;1124;421;732;7223;1017;39;1854;1969;273;517;42;1054;13396;4425;859;5667;10598
2016-11-20T15:00:00;1125;413;695;7303;816;39;1861;1991;270;521;43;922;13411;4598;596;5565;10434
2016-11-20T15:15:00;1128;419;642;7377;590;39;1881;2006;272;522;88;982;13426;4817;630;5663;10283
2016-11-20T15:30:00;1129;422;633;7409;382;39;1910;2034;273;527;68;986;13455;5031;412;5730;10082
2016-11-20T15:45:00;1129;408;632;7420;210;39;1941;2103;271;538;85;951;13397;5135;405;5804;9923
2016-11-20T16:00:00;1129;401;631;7473;90;39;1972;2213;263;557;192;935;13492;5299;306;5940;9955
2016-11-20T16:15:00;1128;411;624;7487;26;39;2002;2321;263;545;207;927;13714;5577;201;6058;9922
2016-11-20T16:30:00;1130;416;642;7456;13;39;2027;2380;265;510;182;954;14093;5983;74;6136;9878
2016-11-20T16:45:00;1129;389;597;7427;6;39;2047;2395;267;493;447;996;14500;6471;34;6198;10034
2016-11-20T17:00:00;1131;390;546;7441;0;39;2060;2444;296;484;392;986;14829;6841;68;6270;9939
2016-11-20T17:15:00;1128;404;536;7458;0;39;2086;2497;323;456;467;994;15018;7025;40;6356;10032
2016-11-20T17:30:00;1130;396;530;7438;0;39;2103;2490;338;447;660;1022;15214;7245;27;6400;10193
2016-11-20T17:45:00;1132;397;530;7414;0;39;2122;2501;346;447;675;1090;15294;7350;32;6506;10187
2016-11-20T18:00:00;1133;403;565;7365;0;39;2157;2527;354;446;917;1067;15322;7392;131;6551;10422
2016-11-20T18:15:00;1132;414;593;7272;0;40;2208;2555;361;445;775;1099;15339;7475;173;6668;10226
2016-11-20T18:30:00;1132;413;606;7177;0;40;2254;2571;366;447;729;1094;15247;7464;173;6732;10097
2016-11-20T18:45:00;1132;436;617;7058;0;40;2273;2590;367;446;672;1088;15182;7507;118;6764;9955
2016-11-20T19:00:00;1129;440;666;6979;0;40;2286;2616;363;446;495;1141;15130;7486;142;6852;9749
2016-11-20T19:15:00;1132;433;691;6878;0;40;2301;2600;365;445;508;1246;15083;7514;241;6957;9682
2016-11-20T19:30:00;1132;426;705;6688;0;40;2316;2596;368;447;483;1234;15007;7614;195;6961;9474
2016-11-20T19:45:00;1132;429;716;6575;0;40;2323;2595;368;447;462;1115;14824;7533;121;6848;9354
2016-11-20T20:00:00;1129;439;738;6461;0;40;2330;2583;363;448;563;1084;14675;7477;29;6808;9370
2016-11-20T20:15:00;1127;433;758;6382;0;39;2333;2554;364;449;468;936;14338;7198;29;6636;9207
2016-11-20T20:30:00;1124;429;775;6189;0;40;2339;2565;369;451;374;897;14042;7078;44;6621;8931
2016-11-20T20:45:00;1124;447;783;6009;0;40;2356;2593;371;450;275;895;13838;7046;51;6665;8678
2016-11-20T21:00:00;1122;443;783;5870;0;40;2365;2601;370;450;209;835;13738;7085;43;6621;8467
2016-11-20T21:15:00;1123;437;781;5713;0;40;2361;2605;375;450;237;869;13647;7153;38;6660;8331
2016-11-20T21:30:00;1123;430;779;5623;0;40;2358;2625;381;448;172;872;13512;7110;40;6684;8167
2016-11-20T21:45:00;1125;429;783;5540;0;40;2354;2643;384;446;161;795;13458;7135;51;6622;8078
2016-11-20T22:00:00;1123;434;784;5385;0;40;2364;2661;388;446;465;890;13687;7519;61;6749;8231
2016-11-20T22:15:00;1121;429;782;5306;0;40;2355;2681;392;447;615;871;13573;7486;85;6746;8293
2016-11-20T22:30:00;1121;427;784;5265;0;40;2368;2692;396;446;393;808;13263;7214;128;6710;8030
2016-11-20T22:45:00;1122;423;782;5192;0;40;2359;2689;400;441;311;808;13048;7074;223;6697;7870
2016-11-20T23:00:00;1120;420;784;5180;0;40;2366;2723;416;445;373;771;12826;6861;234;6721;7917
2016-11-20T23:15:00;1118;420;781;5118;0;40;2363;2731;416;445;238;843;12585;6686;368;6798;7715
2016-11-20T23:30:00;1118;427;777;5020;0;40;2364;2760;411;443;95;879;12397;6601;570;6857;7477
2016-11-20T23:45:00;1114;419;771;4878;0;40;2346;2731;401;449;211;858;12140;6492;616;6785;7433
2016-11-21T00:00:00;1108;434;759;4786;0;41;2363;2699;406;480;196;816;12061;6517;443;6764;7324
2016-11-21T00:15:00;1107;429;750;4650;0;44;2365;2677;418;493;86;776;11907;6508;392;6729;7066
2016-11-21T00:30:00;1108;415;724;4641;0;45;2355;2623;419;493;52;797;11814;6449;405;6687;6985
2016-11-21T00:45:00;1104;423;700;4624;0;43;2359;2606;417;490;47;827;11633;6309;438;6699;6941
2016-11-21T01:00:00;1109;426;659;4585;0;43;2363;2604;416;492;42;747;11433;6189;579;6622;6864
2016-11-21T01:15:00;1110;421;628;4516;0;43;2360;2612;413;492;90;692;11316;6173;628;6569;6808
2016-11-21T01:30:00;1111;410;610;4399;0;43;2360;2586;405;490;43;653;11245;6236;543;6494;6616
2016-11-21T01:45:00;1112;421;568;4371;0;43;2357;2535;398;491;104;603;11245;6305;403;6384;6619
2016-11-21T02:00:00;1107;412;539;4311;0;43;2360;2535;400;492;29;629;11044;6194;533;6416;6441
2016-11-21T02:15:00;1105;404;505;4271;0;43;2358;2508;399;494;93;620;10896;6120;630;6379;6421
2016-11-21T02:30:00;1105;403;480;4238;0;43;2370;2503;400;495;99;647;10920;6201;664;6415;6368
2016-11-21T02:45:00;1107;407;430;4179;0;43;2410;2503;399;495;91;608;10961;6352;574;6415;6257
2016-11-21T03:00:00;1108;408;408;4103;0;43;2476;2482;398;498;102;638;11039;6529;585;6492;6172
2016-11-21T03:15:00;1109;408;349;3988;0;43;2505;2432;394;499;46;685;11063;6727;531;6515;5943
2016-11-21T03:30:00;1108;405;303;3885;0;43;2530;2416;420;498;95;645;11275;7087;290;6509;5839
2016-11-21T03:45:00;1108;405;284;3802;0;43;2531;2591;432;495;41;707;11414;7328;257;6756;5683
2016-11-21T04:00:00;1108;401;244;3772;0;43;2530;2760;463;501;9;796;11499;7482;372;7050;5577
2016-11-21T04:15:00;1109;402;198;3765;0;43;2531;2862;476;503;24;885;11580;7618;435;7257;5541
2016-11-21T04:30:00;1109;423;166;3730;0;43;2533;2967;489;502;62;900;11945;8049;381;7391;5533
2016-11-21T04:45:00;1109;407;142;3700;0;43;2536;3101;546;506;133;1014;12095;8253;352;7703;5534
2016-11-21T05:00:00;1110;405;113;3600;0;44;2536;3242;668;521;172;1108;12424;8712;378;8075;5444
2016-11-21T05:15:00;1111;407;83;3590;0;44;2537;3392;712;530;129;1119;12727;9055;333;8290;5364
2016-11-21T05:30:00;1112;412;84;3578;0;44;2545;3554;749;538;241;1218;13218;9556;257;8604;5471
2016-11-21T05:45:00;1113;409;95;3555;0;44;2552;3674;847;542;181;1276;13796;10147;136;8891;5397
2016-11-21T06:00:00;1111;402;126;3611;0;44;2546;3813;1071;564;73;1210;14521;10784;407;9204;5367
2016-11-21T06:15:00;1114;407;131;3669;0;46;2559;3932;1261;596;123;1307;15364;11564;289;9655;5490
2016-11-21T06:30:00;1117;422;129;3699;0;46;2564;3891;1414;637;196;1396;15968;12140;121;9902;5609
2016-11-21T06:45:00;1118;407;145;3709;0;46;2566;3974;1539;707;332;1533;16533;12679;3;10319;5757
2016-11-21T07:00:00;1115;414;171;3712;3;48;2545;4007;1628;793;437;1681;17188;13302;5;10654;5900
2016-11-21T07:15:00;1119;409;175;3788;3;48;2563;4068;1774;813;455;1716;17463;13498;5;10934;5997
2016-11-21T07:30:00;1125;401;174;3877;6;48;2573;4067;1834;862;524;1750;17695;13638;18;11086;6155
2016-11-21T07:45:00;1129;400;216;3853;58;49;2580;4071;1885;942;537;1878;17873;13747;31;11356;6242
2016-11-21T08:00:00;1125;423;233;3840;134;49;2577;4055;1973;998;762;1969;18029;13823;14;11572;6566
2016-11-21T08:15:00;1124;394;240;3836;256;49;2583;4059;2012;1004;721;1984;18106;13774;3;11642;6620
2016-11-21T08:30:00;1127;397;264;3819;409;48;2584;4057;2103;1005;557;1946;18124;13633;2;11695;6621
2016-11-21T08:45:00;1128;400;292;3793;568;48;2585;4074;2171;1007;359;1922;18095;13443;42;11759;6588
2016-11-21T09:00:00;1126;401;329;3837;717;48;2585;4090;2265;1013;468;2014;18014;13132;2;11967;6926
2016-11-21T09:15:00;1125;400;356;3774;885;48;2586;4081;2351;1013;315;2021;18132;13117;3;12052;6903
2016-11-21T09:30:00;1126;399;364;3720;1041;48;2586;4071;2408;1013;286;1938;18283;13159;2;12016;6984
2016-11-21T09:45:00;1135;400;376;3650;1161;48;2586;4069;2448;1012;303;1919;18358;13171;41;12034;7073
2016-11-21T10:00:00;1133;401;376;3570;1276;48;2590;4108;2525;1007;472;1974;18238;13017;2;12204;7276
2016-11-21T10:15:00;1131;400;375;3499;1406;48;2588;4109;2557;1009;445;1946;18215;12936;3;12209;7304
2016-11-21T10:30:00;1130;400;397;3429;1531;48;2590;4121;2614;1014;507;1853;18278;12921;2;12192;7442
2016-11-21T10:45:00;1137;402;397;3314;1644;48;2591;4131;2638;1015;506;1831;18300;12945;2;12206;7448
2016-11-21T11:00:00;1136;403;411;3194;1700;48;2592;4150;2651;1018;547;1949;18389;13085;57;12360;7439
2016-11-21T11:15:00;1136;415;430;3123;1738;48;2589;4118;2667;1021;656;1913;18454;13163;13;12308;7546
2016-11-21T11:30:00;1136;413;448;3037;1737;48;2591;4124;2705;1025;726;1909;18494;13273;2;12354;7545
2016-11-21T11:45:00;1136;408;448;3015;1725;48;2586;4126;2712;1025;753;1874;18515;13327;2;12323;7533
2016-11-21T12:00:00;1136;402;453;2935;1685;48;2588;4148;2767;1025;491;1873;18391;13319;17;12401;7150
2016-11-21T12:15:00;1141;402;425;2852;1612;48;2584;4115;2807;1030;466;1948;18330;13441;1;12484;6946
2016-11-21T12:30:00;1138;411;420;2724;1556;48;2588;4124;2754;1029;657;1980;18386;13687;2;12475;6954
2016-11-21T12:45:00;1139;417;405;2585;1442;48;2583;4123;2722;1028;858;2034;18387;13954;1;12490;6894
2016-11-21T13:00:00;1135;422;399;2530;1346;48;2587;4143;2747;1025;849;2060;18363;14089;1;12562;6729
2016-11-21T13:15:00;1136;427;392;2502;1251;48;2585;4145;2757;1023;888;2026;18291;14147;1;12536;6644
2016-11-21T13:30:00;1136;428;410;2467;1136;47;2585;4142;2785;1014;894;2068;18219;14207;1;12594;6518
2016-11-21T13:45:00;1137;442;414;2458;990;46;2581;4137;2854;1025;829;1895;18035;14174;1;12492;6316
2016-11-21T14:00:00;1138;445;421;2448;870;46;2584;4120;2914;1046;748;1890;17996;14258;2;12554;6116
2016-11-21T14:15:00;1134;446;439;2487;710;46;2584;4125;2931;1064;910;1828;18055;14419;3;12532;6172
2016-11-21T14:30:00;1132;408;447;2484;609;46;2584;4120;2989;1065;666;1942;17992;14453;2;12700;5792
2016-11-21T14:45:00;1132;407;445;2483;487;46;2580;4115;3020;1074;564;1995;17891;14476;3;12784;5564
2016-11-21T15:00:00;1130;428;466;2581;368;46;2580;4113;3036;1076;371;1956;17916;14501;3;12761;5390
2016-11-21T15:15:00;1130;424;477;2758;254;46;2581;4128;3043;1077;278;1950;17882;14394;4;12779;5367
2016-11-21T15:30:00;1129;410;486;2965;157;46;2583;4126;3070;1077;236;1909;17813;14205;15;12765;5429
2016-11-21T15:45:00;1136;408;486;3115;79;46;2582;4082;3093;1073;209;1895;17803;14124;39;12725;5479
2016-11-21T16:00:00;1140;408;527;3192;36;46;2577;3989;3099;1097;366;1891;17876;14122;38;12653;5715
2016-11-21T16:15:00;1141;407;524;3391;16;46;2581;3958;3157;1101;395;1885;18037;14106;29;12682;5920
2016-11-21T16:30:00;1142;408;522;3583;9;46;2579;3953;3114;1150;424;1904;18197;14085;24;12700;6134
2016-11-21T16:45:00;1146;421;526;3700;3;46;2584;3946;3132;1192;538;1908;18474;14245;20;12762;6380
2016-11-21T17:00:00;1150;410;564;3894;0;46;2579;3831;3132;1127;720;2028;18770;14313;38;12697;6784
2016-11-21T17:15:00;1151;411;611;4009;0;48;2582;3815;3154;1098;727;2032;18880;14260;7;12681;6957
2016-11-21T17:30:00;1149;417;628;4048;0;48;2580;3813;3161;1108;789;2016;18919;14243;1;12678;7079
2016-11-21T17:45:00;1154;412;656;4059;0;48;2580;3805;3172;1083;811;1957;18901;14186;1;12597;7140
2016-11-21T18:00:00;1156;414;670;4096;0;48;2581;3794;3194;1065;915;1982;18769;14003;1;12616;7299
2016-11-21T18:15:00;1160;413;700;4159;0;48;2581;3791;3238;1058;816;2015;18604;13746;1;12683;7296
2016-11-21T18:30:00;1162;420;743;4147;0;48;2582;3795;3233;1054;802;1986;18540;13651;17;12650;7322
2016-11-21T18:45:00;1161;415;770;4083;0;48;2586;3814;3233;1054;717;2053;18589;13735;1;12740;7194
2016-11-21T19:00:00;1157;438;759;4096;0;48;2583;3844;3208;1056;678;2002;18468;13613;1;12693;7176
2016-11-21T19:15:00;1158;418;753;4076;0;48;2576;3843;3166;1044;474;2109;18369;13540;1;12738;6927
2016-11-21T19:30:00;1159;424;755;4028;0;48;2573;3845;3146;1019;349;2132;18179;13396;1;12715;6763
2016-11-21T19:45:00;1159;438;751;3974;0;48;2569;3837;3103;993;326;2002;17969;13244;1;12504;6696
2016-11-21T20:00:00;1154;448;746;3888;0;48;2580;3879;3006;966;318;1986;17633;12999;1;12417;6602
2016-11-21T20:15:00;1153;434;754;3845;0;48;2572;3886;2889;879;274;1967;17204;12605;14;12193;6508
2016-11-21T20:30:00;1151;436;757;3826;0;48;2574;3888;2787;805;277;1908;16921;12337;38;11962;6495
2016-11-21T20:45:00;1146;429;758;3764;0;48;2571;3875;2732;754;244;1954;16692;12169;245;11886;6389
2016-11-21T21:00:00;1144;441;754;3672;0;48;2579;3820;2585;745;110;1832;16445;12019;83;11561;6169
2016-11-21T21:15:00;1147;433;746;3612;0;48;2573;3792;2449;743;103;1822;16217;11859;89;11379;6089
2016-11-21T21:30:00;1146;428;729;3599;0;48;2571;3796;2369;732;93;1839;16033;11705;290;11307;6043
2016-11-21T21:45:00;1147;430;727;3605;0;48;2568;3789;2334;712;106;1770;15737;11405;409;11173;6063
2016-11-21T22:00:00;1152;436;733;3527;0;48;2577;3801;2275;733;261;1746;15671;11411;146;11132;6157
2016-11-21T22:15:00;1152;439;738;3458;0;48;2571;3789;2142;732;102;1790;15452;11257;245;11024;5937
2016-11-21T22:30:00;1149;435;733;3433;0;48;2574;3794;2046;731;230;1739;15112;10947;313;10884;6028
2016-11-21T22:45:00;1148;427;722;3451;0;48;2569;3804;1886;731;55;1706;14763;10590;346;10696;5851
2016-11-21T23:00:00;1146;417;729;3490;0;48;2572;3896;1697;732;29;1533;14417;10198;251;10430;5859
2016-11-21T23:15:00;1146;419;756;3475;0;48;2561;3900;1589;721;28;1494;14078;9847;350;10265;5872
2016-11-21T23:30:00;1145;424;757;3423;0;48;2568;3912;1596;678;34;1481;13697;9517;594;10235;5831
2016-11-21T23:45:00;1140;417;748;3453;0;48;2559;3920;1570;601;130;1503;13399;9198;810;10153;5936
2016-11-22T00:00:00;1131;429;740;3519;0;47;2573;4003;1482;559;47;1347;13204;8946;709;9964;5913
2016-11-22T00:15:00;1134;418;721;3573;0;44;2567;4044;1428;545;26;1233;12900;8606;778;9817;5916
2016-11-22T00:30:00;1133;407;719;3613;0;42;2564;4063;1426;539;20;1130;12628;8296;872;9722;5934
2016-11-22T00:45:00;1129;406;685;3608;0;42;2558;4095;1428;532;17;1050;12396;8103;943;9663;5887
2016-11-22T01:00:00;1127;420;711;3593;0;41;2572;4165;1363;530;31;1141;12439;8135;838;9771;5923
2016-11-22T01:15:00;1127;409;709;3558;0;41;2566;4161;1339;531;25;1085;12285;8018;904;9682;5869
2016-11-22T01:30:00;1127;430;709;3491;0;41;2570;4169;1324;529;38;1074;12362;8162;853;9666;5836
2016-11-22T01:45:00;1127;429;687;3403;0;41;2567;4156;1342;527;37;1106;12287;8197;855;9698;5724
2016-11-22T02:00:00;1123;425;686;3312;0;41;2575;4163;1297;522;32;1154;12176;8179;920;9711;5619
2016-11-22T02:15:00;1120;423;683;3247;0;39;2568;4150;1288;525;25;1158;12084;8155;925;9689;5537
2016-11-22T02:30:00;1119;426;684;3218;0;39;2568;4151;1277;524;33;1132;12075;8173;925;9652;5519
2016-11-22T02:45:00;1117;417;698;3165;0;39;2565;4148;1283;524;22;1149;12084;8221;914;9669;5458
2016-11-22T03:00:00;1119;417;682;3136;0;39;2572;4166;1244;523;25;1026;11989;8172;993;9531;5418
2016-11-22T03:15:00;1119;418;679;3124;0;39;2570;4165;1231;525;25;1055;12062;8259;961;9546;5404
2016-11-22T03:30:00;1120;419;664;3085;0;39;2573;4196;1190;527;28;1091;12139;8389;938;9577;5355
2016-11-22T03:45:00;1120;419;656;3090;0;39;2572;4215;1197;528;27;1127;12195;8449;935;9639;5351
2016-11-22T04:00:00;1126;422;646;3104;0;39;2576;4210;1222;538;21;1041;12309;8559;968;9587;5358
2016-11-22T04:15:00;1127;425;661;3077;0;39;2572;4210;1267;552;22;1064;12385;8646;995;9665;5351
2016-11-22T04:30:00;1127;422;668;3183;0;39;2572;4223;1277;559;23;1080;12487;8637;1023;9711;5462
2016-11-22T04:45:00;1128;414;675;3224;0;39;2568;4192;1333;571;18;1167;12719;8820;985;9831;5498
2016-11-22T05:00:00;1129;412;644;3216;0;41;2564;4141;1473;578;21;1154;13162;9303;766;9910;5463
2016-11-22T05:15:00;1130;421;610;3125;0;41;2570;4156;1666;580;27;1140;13385;9651;648;10112;5354
2016-11-22T05:30:00;1131;434;595;3006;0;41;2570;4168;1784;581;32;1235;13776;10175;486;10338;5239
2016-11-22T05:45:00;1131;435;589;2992;0;41;2572;4184;1899;601;74;1367;14209;10628;362;10623;5262
2016-11-22T06:00:00;1130;426;605;2980;0;41;2559;4211;2076;663;51;1598;14934;11349;530;11107;5233
2016-11-22T06:15:00;1132;431;614;3006;0;42;2568;4228;2259;789;146;1709;15606;11986;387;11553;5371
2016-11-22T06:30:00;1133;440;609;2972;0;42;2577;4220;2550;888;74;1753;16189;12609;138;11988;5270
2016-11-22T06:45:00;1134;443;609;2936;0;42;2574;4219;2771;1023;217;1758;16728;13184;60;12345;5381
2016-11-22T07:00:00;1136;429;622;2902;5;45;2568;4251;2951;1108;117;1790;17218;13689;121;12668;5256
2016-11-22T07:15:00;1136;439;634;2886;5;46;2568;4262;3112;1136;178;1819;17537;14012;91;12897;5324
2016-11-22T07:30:00;1136;451;638;2837;7;46;2573;4272;3238;1142;218;1894;17790;14309;33;13119;5333
2016-11-22T07:45:00;1135;425;648;2823;30;46;2571;4275;3356;1151;188;1930;17843;14342;38;13283;5295
2016-11-22T08:00:00;1137;431;659;2832;89;47;2567;4276;3464;1162;252;1919;18013;14433;3;13388;5447
2016-11-22T08:15:00;1138;436;657;2769;182;47;2574;4294;3507;1161;263;1900;18086;14477;3;13436;5492
2016-11-22T08:30:00;1137;428;655;2670;294;47;2575;4304;3541;1158;263;1907;18127;14509;5;13485;5494
2016-11-22T08:45:00;1138;434;652;2604;406;47;2577;4303;3571;1152;336;1927;18128;14466;71;13530;5617
2016-11-22T09:00:00;1138;424;647;2561;505;47;2569;4304;3584;1164;286;1932;18074;14361;3;13553;5608
2016-11-22T09:15:00;1137;422;656;2535;589;47;2568;4301;3584;1166;292;1903;18073;14294;3;13522;5678
2016-11-22T09:30:00;1137;424;654;2497;705;47;2569;4292;3577;1164;250;1934;18133;14277;2;13536;5714
2016-11-22T09:45:00;1138;413;650;2455;820;47;2568;4292;3602;1183;191;1921;18081;14157;3;13566;5714
2016-11-22T10:00:00;1138;409;662;2382;919;47;2574;4298;3583;1212;185;1875;18112;14149;6;13542;5742
2016-11-22T10:15:00;1137;412;672;2276;1033;47;2574;4297;3611;1220;178;1857;18164;14183;13;13559;5755
2016-11-22T10:30:00;1138;411;682;2160;1134;47;2573;4300;3604;1247;202;1904;18249;14272;20;13628;5774
2016-11-22T10:45:00;1139;415;680;2067;1232;47;2576;4301;3645;1297;133;1926;18316;14336;9;13745;5713
2016-11-22T11:00:00;1137;417;653;2004;1296;47;2575;4282;3693;1313;118;1915;18403;14450;7;13778;5672
2016-11-22T11:15:00;1136;419;654;1888;1299;47;2575;4269;3726;1319;175;1934;18441;14600;13;13823;5618
2016-11-22T11:30:00;1138;419;654;1786;1327;46;2574;4277;3743;1317;237;1967;18468;14702;14;13878;5607
2016-11-22T11:45:00;1138;413;648;1729;1273;46;2573;4278;3749;1315;229;2001;18387;14738;23;13916;5476
2016-11-22T12:00:00;1137;411;625;1655;1256;46;2569;4261;3689;1314;184;2019;18233;14698;26;13852;5314
2016-11-22T12:15:00;1135;411;614;1535;1263;46;2566;4266;3655;1317;137;2067;18096;14684;54;13871;5141
2016-11-22T12:30:00;1135;412;622;1412;1259;46;2569;4279;3662;1317;271;2115;18157;14864;40;13942;5157
2016-11-22T12:45:00;1134;418;635;1349;1216;46;2568;4273;3678;1317;252;2146;18144;14944;40;13982;5050
2016-11-22T13:00:00;1134;414;632;1254;1178;46;2572;4277;3708;1307;235;2136;18122;15059;47;14000;4893
2016-11-22T13:15:00;1135;414;620;1140;1091;46;2571;4285;3737;1317;197;2083;18016;15165;50;13993;4643
2016-11-22T13:30:00;1133;414;609;1047;1019;46;2572;4305;3794;1319;172;2078;17895;15221;75;14068;4440
2016-11-22T13:45:00;1135;414;602;983;971;46;2569;4301;3831;1319;151;2077;17713;15158;87;14097;4302
2016-11-22T14:00:00;1132;400;601;923;901;46;2571;4297;3853;1321;198;2129;17641;15216;70;14171;4201
2016-11-22T14:15:00;1135;415;588;880;781;46;2571;4302;3882;1320;159;2084;17547;15298;67;14159;4004
2016-11-22T14:30:00;1140;416;574;850;670;46;2572;4308;3897;1320;206;2130;17556;15462;62;14227;3902
2016-11-22T14:45:00;1142;417;561;830;574;46;2571;4313;3923;1340;214;2162;17512;15547;102;14309;3784
2016-11-22T15:00:00;1142;425;549;825;457;46;2568;4301;3912;1367;458;2205;17580;15749;241;14353;3902
2016-11-22T15:15:00;1145;422;543;827;328;46;2571;4299;3932;1371;457;2121;17445;15748;149;14294;3768
2016-11-22T15:30:00;1146;421;536;824;210;47;2571;4300;3948;1383;548;2118;17459;15890;95;14320;3732
2016-11-22T15:45:00;1153;421;538;860;119;47;2572;4304;3940;1395;599;2065;17424;15908;58;14276;3737
2016-11-22T16:00:00;1153;421;550;918;50;47;2568;4309;3957;1435;602;2086;17593;16076;68;14355;3741
2016-11-22T16:15:00;1154;421;568;972;21;47;2573;4316;4000;1444;656;2102;17746;16185;56;14435;3839
2016-11-22T16:30:00;1155;425;568;1031;11;47;2572;4305;4014;1466;842;2124;18004;16394;54;14481;4079
2016-11-22T16:45:00;1161;439;574;1086;7;48;2572;4293;4018;1500;1106;2046;18313;16647;34;14429;4421
2016-11-22T17:00:00;1161;424;595;1118;0;48;2564;4270;4047;1514;1086;2099;18456;16743;34;14494;4432
2016-11-22T17:15:00;1162;425;603;1137;0;48;2571;4280;4066;1515;1188;2059;18591;16852;33;14491;4563
2016-11-22T17:30:00;1158;429;614;1172;0;48;2568;4270;4064;1520;1249;2076;18681;16894;24;14498;4670
2016-11-22T17:45:00;1159;428;623;1216;0;49;2563;4269;4011;1500;1204;2086;18635;16796;23;14429;4679
2016-11-22T18:00:00;1158;424;608;1242;0;49;2569;4275;4009;1525;978;2137;18494;16645;43;14515;4459
2016-11-22T18:15:00;1162;421;610;1244;0;49;2571;4281;4004;1499;911;2123;18374;16520;51;14478;4397
2016-11-22T18:30:00;1164;421;612;1268;0;49;2572;4291;4007;1487;836;2111;18356;16477;49;14468;4350
2016-11-22T18:45:00;1164;420;612;1281;0;49;2569;4288;4011;1406;885;2115;18329;16436;43;14389;4411
2016-11-22T19:00:00;1162;424;638;1296;0;50;2570;4289;3984;1389;680;2135;18270;16335;46;14367;4250
2016-11-22T19:15:00;1162;421;661;1297;0;50;2567;4297;3977;1378;431;2201;18072;16114;91;14420;4022
2016-11-22T19:30:00;1158;421;661;1305;0;50;2542;4299;3955;1380;296;2210;17911;15945;107;14386;3891
2016-11-22T19:45:00;1155;420;662;1277;0;50;2523;4300;3888;1368;271;2240;17693;15754;154;14319;3835
2016-11-22T20:00:00;1148;446;669;1280;0;50;2536;4290;3840;1314;391;2241;17405;15456;22;14221;3984
2016-11-22T20:15:00;1150;436;674;1279;0;51;2530;4289;3798;1228;287;2138;17021;15068;35;13983;3877
2016-11-22T20:30:00;1150;425;669;1282;0;51;2533;4295;3733;1176;208;2014;16624;14672;73;13751;3785
2016-11-22T20:45:00;1149;427;668;1218;0;51;2512;4293;3717;1138;202;2029;16404;14519;206;13689;3715
2016-11-22T21:00:00;1146;432;659;1170;0;51;2498;4294;3729;1121;126;1976;16293;14465;78;13618;3584
2016-11-22T21:15:00;1144;428;638;1136;0;50;2493;4288;3704;1031;132;1959;16044;14270;88;13475;3528
2016-11-22T21:30:00;1141;426;618;1085;0;50;2492;4284;3691;955;103;1926;15652;13950;215;13348;3423
2016-11-22T21:45:00;1141;426;613;1021;0;50;2486;4285;3636;888;44;2013;15373;13740;373;13308;3295
2016-11-22T22:00:00;1139;429;615;979;0;49;2502;4294;3616;867;130;1908;15455;13861;25;13187;3341
2016-11-22T22:15:00;1140;440;614;943;0;48;2498;4294;3594;866;66;1900;15293;13736;197;13152;3251
2016-11-22T22:30:00;1140;444;617;901;0;48;2499;4290;3514;865;40;1864;14896;13377;296;13032;3190
2016-11-22T22:45:00;1140;432;596;876;0;48;2497;4285;3355;842;26;1829;14501;13029;381;12808;3118
2016-11-22T23:00:00;1141;436;585;855;0;48;2503;4293;3117;839;130;1698;14137;12697;319;12450;3195
2016-11-22T23:15:00;1140;436;586;848;0;47;2516;4284;2924;853;5;1681;13871;12437;343;12258;3062
2016-11-22T23:30:00;1139;428;584;851;0;47;2554;4289;2764;852;4;1703;13563;12129;489;12162;3053
2016-11-22T23:45:00;1139;427;571;839;0;47;2565;4269;2653;837;12;1747;13248;11838;646;12071;3035
2016-11-23T00:00:00;1129;431;567;798;0;45;2572;4285;2519;795;122;1798;13041;11676;496;11969;3092
2016-11-23T00:15:00;1130;429;546;780;0;43;2574;4284;2421;793;98;1772;12868;11542;492;11844;3026
2016-11-23T00:30:00;1129;435;512;778;0;43;2573;4272;2399;779;96;1783;12670;11380;583;11806;2993
2016-11-23T00:45:00;1128;426;483;763;0;43;2574;4272;2345;763;26;1714;12476;11230;624;11668;2869
2016-11-23T01:00:00;1124;438;460;738;0;43;2578;4282;2339;767;54;1715;12452;11253;682;11681;2857
2016-11-23T01:15:00;1122;441;449;680;0;42;2573;4275;2304;761;126;1710;12385;11256;684;11623;2860
2016-11-23T01:30:00;1123;440;427;616;0;42;2575;4282;2290;751;161;1737;12368;11325;692;11635;2809
2016-11-23T01:45:00;1123;427;414;557;0;42;2574;4293;2291;754;104;1757;12250;11279;739;11669;2667
2016-11-23T02:00:00;1122;432;413;521;0;42;2578;4283;2320;759;50;1732;12166;11233;665;11672;2580
2016-11-23T02:15:00;1117;430;408;482;0;42;2577;4283;2315;751;17;1764;12113;11223;660;11690;2496
2016-11-23T02:30:00;1115;426;394;438;0;42;2576;4279;2325;756;17;1805;12138;11307;670;11741;2432
2016-11-23T02:45:00;1117;424;375;407;0;42;2574;4284;2319;758;18;1818;12178;11396;664;11753;2383
2016-11-23T03:00:00;1121;431;347;388;0;42;2579;4287;2328;773;79;1752;12257;11522;727;11719;2408
2016-11-23T03:15:00;1121;426;323;361;0;42;2576;4283;2357;796;62;1743;12297;11614;699;11755;2335
2016-11-23T03:30:00;1121;423;310;339;0;42;2577;4288;2363;798;11;1751;12339;11689;643;11777;2246
2016-11-23T03:45:00;1121;419;314;332;0;42;2577;4294;2406;796;8;1741;12391;11746;624;11814;2236
2016-11-23T04:00:00;1124;423;285;323;0;42;2580;4295;2507;799;9;1815;12521;11914;770;11996;2206
2016-11-23T04:15:00;1124;422;268;329;0;43;2578;4292;2606;804;17;1817;12510;11914;851;12097;2203
2016-11-23T04:30:00;1124;423;260;336;0;43;2578;4273;2713;806;12;1841;12733;12137;809;12211;2198
2016-11-23T04:45:00;1124;421;236;356;0;43;2578;4285;2835;813;7;1776;12861;12269;701;12287;2187
2016-11-23T05:00:00;1128;415;217;364;0;44;2576;4297;2967;859;17;1823;13263;12682;574;12522;2185
2016-11-23T05:15:00;1128;407;209;362;0;46;2577;4309;3127;917;14;1867;13467;12896;553;12797;2166
2016-11-23T05:30:00;1130;416;196;376;0;46;2578;4313;3275;946;29;1920;13760;13188;478;13032;2193
2016-11-23T05:45:00;1128;414;185;410;0;47;2579;4316;3427;1015;48;1947;14115;13521;338;13284;2232
2016-11-23T06:00:00;1128;410;172;435;0;50;2574;4311;3604;1134;123;2154;14873;14265;394;13777;2318
2016-11-23T06:15:00;1132;420;155;450;0;51;2580;4318;3718;1278;248;2119;15463;14859;145;14013;2456
2016-11-23T06:30:00;1129;420;145;450;0;51;2580;4316;3874;1356;511;2134;16000;15406;11;14260;2706
2016-11-23T06:45:00;1129;427;133;464;0;51;2586;4316;3978;1392;729;2176;16533;15936;2;14448;2933
2016-11-23T07:00:00;1133;411;122;480;3;51;2581;4310;4105;1429;688;2211;17087;16482;84;14636;2888
2016-11-23T07:15:00;1134;414;117;487;2;51;2590;4328;4150;1464;832;2208;17369;16763;62;14740;3037
2016-11-23T07:30:00;1136;413;127;505;3;51;2592;4326;4175;1493;902;2255;17543;16909;59;14841;3137
2016-11-23T07:45:00;1137;413;132;550;26;51;2591;4320;4220;1524;869;2298;17651;16943;44;14953;3178
2016-11-23T08:00:00;1139;405;134;582;108;51;2588;4322;4268;1578;740;2289;17737;16913;61;15045;3159
2016-11-23T08:15:00;1141;404;135;617;221;51;2588;4321;4272;1590;634;2303;17796;16824;60;15074;3203
2016-11-23T08:30:00;1141;405;148;634;390;51;2586;4303;4265;1589;543;2351;17913;16742;56;15094;3312
2016-11-23T08:45:00;1134;408;144;646;571;51;2581;4309;4226;1580;416;2330;17945;16584;52;15026;3370
2016-11-23T09:00:00;1135;409;133;638;715;51;2579;4313;4259;1511;252;2224;17752;16266;48;14886;3333
2016-11-23T09:15:00;1138;408;113;635;890;51;2586;4324;4251;1499;258;2174;17834;16196;40;14834;3493
2016-11-23T09:30:00;1135;404;100;618;1059;51;2590;4323;4246;1499;179;2176;17882;16105;39;14834;3546
2016-11-23T09:45:00;1137;404;99;594;1206;51;2585;4321;4245;1486;96;2273;17870;15971;43;14910;3587
2016-11-23T10:00:00;1141;406;93;591;1332;51;2585;4329;4252;1456;120;2285;17887;15871;52;14907;3734
2016-11-23T10:15:00;1143;407;90;575;1463;51;2584;4329;4265;1401;88;2280;17965;15836;66;14859;3817
2016-11-23T10:30:00;1144;406;86;556;1533;51;2580;4332;4289;1394;102;2256;18041;15867;75;14851;3878
2016-11-23T10:45:00;1143;413;83;544;1632;51;2587;4335;4283;1391;138;2169;18043;15785;72;14765;4004
2016-11-23T11:00:00;1138;427;77;523;1665;50;2588;4320;4323;1390;130;2146;18017;15753;72;14767;4010
2016-11-23T11:15:00;1141;439;73;496;1720;50;2589;4313;4288;1416;148;2191;18091;15802;57;14797;4067
2016-11-23T11:30:00;1144;445;70;461;1763;50;2587;4308;4259;1423;136;2253;18146;15852;53;14830;4069
2016-11-23T11:45:00;1142;451;64;418;1800;50;2583;4316;4235;1471;96;2271;18044;15763;58;14876;4021
2016-11-23T12:00:00;1142;457;55;375;1836;50;2584;4321;4199;1516;116;2285;17924;15659;59;14905;4031
2016-11-23T12:15:00;1143;458;49;345;1823;48;2585;4311;4139;1520;106;2305;17840;15624;50;14860;3972
2016-11-23T12:30:00;1144;428;48;319;1813;48;2586;4312;4151;1484;151;2287;17819;15640;46;14820;3951
2016-11-23T12:45:00;1144;427;55;290;1771;48;2585;4307;4159;1422;175;2304;17841;15725;48;14777;3910
2016-11-23T13:00:00;1144;425;63;268;1740;48;2581;4316;4170;1420;141;2286;17879;15809;53;14773;3829
2016-11-23T13:15:00;1144;424;67;248;1648;48;2581;4308;4159;1418;195;2254;17852;15890;46;14720;3774
2016-11-23T13:30:00;1142;424;73;230;1530;48;2584;4313;4155;1419;281;2199;17800;15967;45;14670;3728
2016-11-23T13:45:00;1142;425;76;217;1398;48;2582;4310;4153;1421;283;2195;17693;16002;36;14661;3589
2016-11-23T14:00:00;1141;425;71;215;1233;48;2578;4307;4166;1424;235;2227;17715;16197;38;14702;3368
2016-11-23T14:15:00;1145;428;65;215;1070;48;2585;4307;4168;1425;355;2174;17614;16264;51;14659;3326
2016-11-23T14:30:00;1145;428;60;223;885;48;2584;4307;4153;1425;422;2226;17564;16396;51;14695;3211
2016-11-23T14:45:00;1145;428;62;238;702;48;2583;4300;4152;1422;471;2233;17523;16522;40;14690;3094
2016-11-23T15:00:00;1144;429;61;256;533;48;2581;4301;4151;1424;501;2243;17533;16683;39;14700;2972
2016-11-23T15:15:00;1146;430;56;283;367;48;2581;4289;4156;1421;663;2223;17450;16744;34;14670;2993
2016-11-23T15:30:00;1150;432;54;308;223;48;2582;4291;4165;1428;665;2247;17393;16809;34;14713;2880
2016-11-23T15:45:00;1153;433;54;337;127;48;2579;4289;4168;1430;703;2232;17423;16906;34;14698;2855
2016-11-23T16:00:00;1154;434;59;393;59;48;2576;4286;4150;1427;1015;2288;17573;17062;34;14727;3162
2016-11-23T16:15:00;1155;434;67;442;23;48;2580;4226;4147;1442;1145;2299;17672;17141;34;14694;3314
2016-11-23T16:30:00;1155;439;81;494;11;48;2581;4297;4148;1468;1272;2328;17989;17403;34;14822;3500
2016-11-23T16:45:00;1156;455;86;548;4;48;2579;4314;4146;1489;1414;2379;18276;17639;33;14907;3711
2016-11-23T17:00:00;1155;440;82;602;0;48;2578;4307;4135;1529;1326;2381;18535;17852;33;14930;3653
2016-11-23T17:15:00;1154;444;84;649;0;48;2580;4311;4160;1559;1421;2268;18612;17880;33;14878;3800
2016-11-23T17:30:00;1156;446;89;692;0;48;2578;4295;4165;1552;1463;2167;18648;17866;33;14757;3894
2016-11-23T17:45:00;1158;446;93;733;0;48;2578;4249;4175;1554;1397;2211;18622;17796;33;14767;3875
2016-11-23T18:00:00;1158;446;99;773;0;49;2577;4269;4160;1568;1235;2137;18497;17625;33;14711;3760
2016-11-23T18:15:00;1158;446;110;829;0;50;2580;4292;4164;1567;1008;2122;18433;17494;33;14725;3601
2016-11-23T18:30:00;1156;445;114;883;0;50;2581;4320;4168;1547;958;2131;18377;17380;40;14747;3606
2016-11-23T18:45:00;1157;444;123;912;0;51;2582;4313;4173;1551;832;2153;18339;17305;41;14772;3519
2016-11-23T19:00:00;1158;441;133;952;0;51;2581;4242;4178;1544;816;2131;18252;17167;40;14676;3551
2016-11-23T19:15:00;1157;440;145;979;0;51;2577;4161;4143;1520;699;2109;18073;16948;55;14510;3471
2016-11-23T19:30:00;1158;440;152;1001;0;51;2577;4139;4105;1452;501;2171;17891;16739;44;14444;3303
2016-11-23T19:45:00;1159;443;160;1038;0;51;2571;4144;4080;1392;403;2248;17743;16545;31;14435;3254
2016-11-23T20:00:00;1155;453;165;1073;0;51;2578;4127;3991;1385;368;2199;17383;16145;1;14280;3265
2016-11-23T20:15:00;1153;450;175;1107;0;50;2578;4144;3839;1356;224;2226;16997;15715;28;14143;3159
2016-11-23T20:30:00;1152;453;183;1157;0;50;2576;4137;3709;1328;402;2194;16724;15383;92;13944;3397
2016-11-23T20:45:00;1151;454;182;1198;0;50;2576;4144;3614;1270;283;2143;16444;15064;103;13747;3318
2016-11-23T21:00:00;1147;464;182;1231;0;50;2585;4154;3524;1212;116;2039;16317;14904;78;13514;3190
2016-11-23T21:15:00;1145;454;188;1256;0;50;2583;4163;3419;1090;82;2074;16025;14581;128;13329;3175
2016-11-23T21:30:00;1146;456;180;1315;0;51;2579;4162;3359;980;63;2037;15805;14310;161;13117;3211
2016-11-23T21:45:00;1146;455;187;1340;0;51;2570;4178;3291;872;67;2049;15584;14057;300;12960;3246
2016-11-23T22:00:00;1145;454;196;1345;0;50;2573;4202;3217;853;518;1728;15495;13955;105;12573;3708
2016-11-23T22:15:00;1145;457;200;1351;0;49;2565;4200;3123;852;343;1738;15319;13769;101;12478;3545
2016-11-23T22:30:00;1147;464;203;1361;0;49;2575;4224;3025;834;262;1854;15070;13506;331;12512;3486
2016-11-23T22:45:00;1147;472;202;1400;0;49;2571;4222;2915;812;245;1756;14653;13051;473;12276;3515
2016-11-23T23:00:00;1146;481;218;1444;0;49;2577;4222;2886;809;147;1664;14428;12766;256;12158;3485
2016-11-23T23:15:00;1148;476;230;1502;0;48;2571;4208;2787;799;6;1699;14112;12381;394;12064;3410
2016-11-23T23:30:00;1148;478;237;1569;0;48;2574;4208;2708;789;8;1699;13820;12014;665;11978;3488
2016-11-23T23:45:00;1142;477;242;1639;0;48;2571;4211;2672;724;12;1650;13548;11667;791;11828;3560
2016-11-24T00:00:00;1131;477;266;1686;0;48;2572;4218;2744;782;15;1638;13264;11312;464;11954;3623
2016-11-24T00:15:00;1130;475;304;1759;0;48;2569;4205;2680;800;18;1744;12965;10902;747;11998;3734
2016-11-24T00:30:00;1128;473;340;1834;0;48;2562;4204;2637;794;16;1747;12774;10600;893;11944;3839
2016-11-24T00:45:00;1126;470;360;1941;0;47;2558;4180;2570;794;14;1663;12618;10317;949;11765;3958
2016-11-24T01:00:00;1119;482;368;2016;0;47;2572;4204;2492;796;24;1677;12664;10280;838;11741;4056
2016-11-24T01:15:00;1122;475;361;2097;0;47;2560;4207;2445;793;19;1665;12482;10024;959;11670;4121
2016-11-24T01:30:00;1122;468;354;2175;0;47;2543;4207;2380;796;23;1665;12421;9892;1015;11591;4189
2016-11-24T01:45:00;1122;459;332;2240;0;47;2536;4200;2270;786;32;1656;12340;9769;1019;11448;4232
2016-11-24T02:00:00;1119;464;336;2300;0;47;2555;4217;2217;718;38;1543;12268;9633;1004;11250;4304
2016-11-24T02:15:00;1119;460;316;2389;0;47;2563;4227;2056;701;19;1520;12251;9546;968;11067;4350
2016-11-24T02:30:00;1122;456;306;2445;0;47;2568;4217;1991;754;16;1441;12256;9505;925;10971;4392
2016-11-24T02:45:00;1124;456;298;2467;0;47;2565;4221;1939;744;29;1372;12325;9560;820;10841;4421
2016-11-24T03:00:00;1123;457;295;2457;0;47;2567;4220;1865;682;37;1355;12357;9605;921;10689;4416
2016-11-24T03:15:00;1124;456;292;2459;0;47;2567;4216;1841;668;36;1407;12356;9605;991;10699;4414
2016-11-24T03:30:00;1123;449;289;2454;0;47;2568;4214;1832;663;36;1409;12404;9661;958;10686;4398
2016-11-24T03:45:00;1122;448;288;2430;0;47;2568;4204;1827;663;20;1371;12383;9666;869;10633;4355
2016-11-24T04:00:00;1126;448;285;2449;0;47;2576;4220;1834;698;31;1386;12600;9865;838;10714;4386
2016-11-24T04:15:00;1128;471;269;2443;0;48;2575;4221;1864;793;58;1452;12754;10042;921;10905;4417
2016-11-24T04:30:00;1130;462;247;2453;0;48;2577;4232;1954;804;151;1412;12894;10194;914;10979;4491
2016-11-24T04:45:00;1132;449;235;2491;0;48;2574;4247;2023;799;22;1422;13004;10278;820;11065;4377
2016-11-24T05:00:00;1131;458;228;2493;0;48;2568;4246;2220;813;122;1526;13363;10642;568;11373;4480
2016-11-24T05:15:00;1133;445;212;2443;0;48;2574;4250;2430;817;115;1578;13604;10949;517;11649;4396
2016-11-24T05:30:00;1132;463;202;2425;0;48;2576;4246;2664;818;94;1519;13885;11258;474;11823;4364
2016-11-24T05:45:00;1133;463;220;2377;0;48;2576;4251;2870;825;55;1561;14151;11554;453;12083;4296
2016-11-24T06:00:00;1132;452;232;2366;0;48;2562;4227;3014;888;85;1595;14781;12184;605;12286;4315
2016-11-24T06:15:00;1135;454;239;2379;0;48;2576;4250;3127;974;125;1626;15619;13002;120;12553;4380
2016-11-24T06:30:00;1136;457;239;2362;0;48;2576;4256;3276;1008;351;1740;16103;13503;70;12856;4593
2016-11-24T06:45:00;1137;457;245;2349;0;48;2576;4249;3354;1057;618;1808;16539;13945;33;13044;4854
2016-11-24T07:00:00;1137;451;260;2343;3;49;2579;4241;3536;1156;238;2088;17269;14663;98;13600;4481
2016-11-24T07:15:00;1139;461;280;2376;3;49;2586;4248;3605;1285;189;2127;17623;14965;82;13851;4497
2016-11-24T07:30:00;1136;455;288;2380;2;49;2585;4250;3652;1331;275;2232;17810;15140;57;14050;4585
2016-11-24T07:45:00;1136;446;289;2418;8;50;2584;4250;3687;1355;216;2318;17887;15172;39;14194;4563
2016-11-24T08:00:00;1141;445;271;2446;44;50;2574;4246;3655;1372;293;2298;17992;15232;36;14145;4690
2016-11-24T08:15:00;1139;446;251;2461;110;50;2578;4249;3630;1370;283;2238;17992;15170;38;14065;4740
2016-11-24T08:30:00;1140;437;229;2464;196;50;2578;4256;3637;1364;191;2212;17947;15058;34;14047;4707
2016-11-24T08:45:00;1141;437;212;2419;290;50;2583;4256;3653;1338;205;2190;17992;15072;33;14020;4754
2016-11-24T09:00:00;1139;436;200;2403;400;50;2587;4255;3651;1350;243;2183;17940;14937;34;14026;4871
2016-11-24T09:15:00;1139;434;198;2360;525;50;2588;4249;3651;1354;191;2225;18005;14923;33;14067;4897
2016-11-24T09:30:00;1137;433;188;2307;657;50;2587;4257;3609;1355;212;2350;18091;14940;34;14158;4984
2016-11-24T09:45:00;1129;432;182;2238;787;50;2583;4260;3638;1355;236;2329;17980;14774;33;14165;5054
2016-11-24T10:00:00;1127;429;172;2164;905;50;2585;4263;3640;1357;292;2292;18263;15023;24;14137;5139
2016-11-24T10:15:00;1129;429;166;2078;1026;50;2583;4258;3622;1347;234;2329;18278;15009;23;14139;5112
2016-11-24T10:30:00;1127;428;170;1954;1142;50;2576;4259;3660;1345;289;2273;18334;15068;23;14113;5160
2016-11-24T10:45:00;1125;424;166;1849;1233;50;2587;4263;3705;1345;197;2235;18327;15080;23;14135;5044
2016-11-24T11:00:00;1122;423;171;1773;1327;50;2586;4260;3771;1349;206;2227;18346;15075;23;14193;5072
2016-11-24T11:15:00;1124;422;173;1688;1405;50;2584;4259;3797;1345;162;2302;18332;15066;23;14287;5024
2016-11-24T11:30:00;1123;420;166;1629;1449;50;2586;4262;3775;1345;182;2325;18370;15127;23;14293;5019
2016-11-24T11:45:00;1117;420;172;1584;1493;51;2585;4273;3736;1345;185;2354;18404;15156;23;14293;5022
2016-11-24T12:00:00;1113;418;171;1558;1519;51;2585;4241;3684;1351;150;2360;18363;15115;23;14221;4980
2016-11-24T12:15:00;1114;417;165;1510;1528;51;2582;4240;3655;1354;178;2434;18304;15101;23;14265;4963
2016-11-24T12:30:00;1121;417;163;1499;1524;51;2587;4261;3656;1359;253;2493;18342;15156;23;14356;5028
2016-11-24T12:45:00;1133;419;166;1464;1511;51;2586;4267;3638;1356;205;2479;18289;15148;23;14326;4949
2016-11-24T13:00:00;1138;419;169;1433;1463;51;2586;4272;3700;1355;269;2423;18284;15219;23;14336;4942
2016-11-24T13:15:00;1143;417;176;1447;1391;51;2585;4267;3740;1357;210;2330;18183;15169;23;14279;4835
2016-11-24T13:30:00;1142;415;163;1426;1300;51;2587;4277;3772;1357;165;2276;18078;15189;23;14269;4662
2016-11-24T13:45:00;1143;417;156;1424;1203;51;2585;4271;3763;1359;182;2291;17951;15169;23;14269;4576
2016-11-24T14:00:00;1143;420;155;1428;1077;51;2587;4276;3754;1367;350;2309;17937;15278;23;14293;4624
2016-11-24T14:15:00;1141;438;147;1457;942;51;2586;4273;3742;1361;456;2277;17854;15308;23;14239;4632
2016-11-24T14:30:00;1146;437;157;1485;803;51;2587;4272;3725;1364;558;2309;17837;15392;23;14257;4637
2016-11-24T14:45:00;1147;425;170;1502;671;51;2585;4265;3728;1368;593;2387;17866;15523;23;14333;4559
2016-11-24T15:00:00;1148;423;168;1552;505;51;2584;4266;3676;1383;667;2379;17913;15689;23;14288;4514
2016-11-24T15:15:00;1153;429;168;1603;355;51;2585;4273;3624;1391;681;2384;17845;15720;24;14257;4440
2016-11-24T15:30:00;1154;453;168;1669;181;51;2587;4275;3618;1393;776;2317;17786;15768;24;14190;4452
2016-11-24T15:45:00;1157;452;168;1810;95;51;2585;4272;3631;1394;747;2288;17772;15698;24;14170;4480
2016-11-24T16:00:00;1157;444;171;1909;42;51;2583;4272;3682;1433;874;2271;17905;15784;24;14241;4648
2016-11-24T16:15:00;1157;447;168;2032;17;51;2589;4278;3757;1459;889;2236;18074;15858;24;14319;4761
2016-11-24T16:30:00;1156;451;177;2125;9;51;2587;4275;3807;1430;946;2280;18272;15961;24;14379;4915
2016-11-24T16:45:00;1157;438;174;2202;0;51;2588;4279;3810;1440;959;2411;18552;16176;24;14528;4981
2016-11-24T17:00:00;1157;427;159;2274;0;51;2584;4269;3795;1485;977;2304;18697;16264;24;14437;5045
2016-11-24T17:15:00;1158;428;155;2332;0;52;2586;4268;3821;1469;1067;2314;18817;16330;24;14458;5192
2016-11-24T17:30:00;1159;429;166;2367;0;52;2586;4265;3763;1474;1067;2380;18876;16343;24;14468;5240
2016-11-24T17:45:00;1159;430;175;2419;0;52;2587;4267;3696;1480;1024;2357;18829;16235;24;14387;5259
2016-11-24T18:00:00;1157;434;174;2490;0;52;2585;4277;3691;1476;786;2353;18750;16086;23;14382;5093
2016-11-24T18:15:00;1158;435;170;2545;0;52;2589;4283;3719;1513;578;2352;18661;15947;23;14456;4938
2016-11-24T18:30:00;1159;432;177;2601;0;52;2586;4276;3735;1515;538;2365;18587;15809;36;14477;4959
2016-11-24T18:45:00;1160;426;183;2661;0;52;2587;4267;3743;1512;516;2379;18582;15738;62;14488;4998
2016-11-24T19:00:00;1158;435;197;2685;0;52;2587;4268;3746;1473;351;2413;18556;15674;44;14487;4878
2016-11-24T19:15:00;1157;426;204;2666;0;52;2587;4269;3777;1426;222;2388;18348;15478;57;14447;4727
2016-11-24T19:30:00;1157;418;204;2664;0;52;2587;4268;3762;1418;98;2385;18164;15296;57;14420;4593
2016-11-24T19:45:00;1158;418;204;2662;0;52;2580;4257;3714;1417;97;2359;17931;15065;78;14327;4591
2016-11-24T20:00:00;1154;434;201;2642;0;52;2589;4246;3661;1392;293;2281;17586;14743;51;14169;4776
2016-11-24T20:15:00;1153;443;193;2655;0;52;2587;4231;3607;1288;174;2191;17123;14276;110;13904;4670
2016-11-24T20:30:00;1152;445;184;2666;0;52;2587;4224;3506;1201;207;2317;16929;14079;262;13835;4706
2016-11-24T20:45:00;1149;441;180;2622;0;52;2579;4215;3473;1125;162;2258;16649;13848;201;13650;4606
2016-11-24T21:00:00;1147;446;171;2602;0;52;2590;4232;3423;1069;174;2016;16394;13621;91;13330;4592
2016-11-24T21:15:00;1148;445;167;2620;0;52;2589;4235;3313;974;142;1941;16132;13345;155;13052;4574
2016-11-24T21:30:00;1147;454;156;2621;0;52;2589;4219;3256;946;126;1976;15958;13181;282;12986;4556
2016-11-24T21:45:00;1147;437;147;2597;0;51;2583;4194;3231;913;73;2002;15685;12942;336;12923;4452
2016-11-24T22:00:00;1142;452;141;2534;0;51;2581;4198;3226;892;147;2022;15809;13134;107;12919;4467
2016-11-24T22:15:00;1142;446;131;2468;0;51;2577;4202;3166;866;244;2008;15433;12835;179;12819;4482
2016-11-24T22:30:00;1141;447;124;2418;0;51;2582;4198;3051;864;174;1993;15188;12646;225;12688;4355
2016-11-24T22:45:00;1142;438;126;2404;0;51;2575;4194;2937;863;31;1969;14849;12319;311;12538;4192
2016-11-24T23:00:00;1142;450;125;2393;0;51;2581;4208;2911;858;246;1773;14625;12106;197;12331;4407
2016-11-24T23:15:00;1140;453;120;2384;0;51;2577;4201;2845;855;29;1815;14376;11872;413;12293;4177
2016-11-24T23:30:00;1142;446;114;2371;0;51;2575;4192;2759;856;112;1820;14149;11665;498;12202;4236
2016-11-24T23:45:00;1138;435;112;2351;0;51;2574;4195;2681;848;116;1870;13866;11404;710;12168;4203
2016-11-25T00:00:00;1131;442;108;2317;0;51;2577;4203;2562;821;14;1771;13574;11150;532;11934;4063
2016-11-25T00:15:00;1131;444;104;2284;0;50;2571;4205;2505;820;13;1725;13397;11009;572;11826;4026
2016-11-25T00:30:00;1131;443;92;2259;0;50;2559;4201;2476;817;128;1725;13076;10726;671;11778;4103
2016-11-25T00:45:00;1131;444;90;2230;0;50;2559;4184;2419;815;12;1797;12953;10633;806;11774;3957
2016-11-25T01:00:00;1128;453;89;2199;0;50;2580;4208;2371;818;126;1690;12769;10481;705;11667;4045
2016-11-25T01:15:00;1122;449;91;2197;0;50;2576;4218;2304;815;13;1698;12580;10292;730;11611;3922
2016-11-25T01:30:00;1123;443;88;2217;0;50;2576;4220;2269;816;10;1692;12475;10170;756;11573;3931
2016-11-25T01:45:00;1130;446;85;2218;0;50;2570;4219;2228;818;117;1627;12425;10123;809;11462;4046
2016-11-25T02:00:00;1132;438;79;2202;0;50;2575;4201;2218;822;20;1547;12234;9954;831;11363;3921
2016-11-25T02:15:00;1131;440;72;2206;0;50;2574;4191;2198;821;140;1466;12276;9999;686;11250;4039
2016-11-25T02:30:00;1131;440;67;2206;0;50;2567;4190;2181;823;140;1446;12343;10070;649;11207;4034
2016-11-25T02:45:00;1130;443;68;2182;0;50;2569;4177;2139;808;76;1436;12425;10176;689;11129;3949
2016-11-25T03:00:00;1129;447;70;2195;0;50;2579;4185;2096;741;32;1535;12426;10161;998;11136;3923
2016-11-25T03:15:00;1128;444;71;2196;0;50;2576;4184;2062;734;5;1513;12491;10225;935;11069;3894
2016-11-25T03:30:00;1129;441;77;2196;0;50;2577;4178;2048;734;29;1431;12520;10247;837;10968;3922
2016-11-25T03:45:00;1127;434;73;2179;0;50;2575;4180;2068;745;23;1449;12460;10208;873;11017;3886
2016-11-25T04:00:00;1128;433;76;2159;0;50;2565;4196;2118;819;121;1552;12573;10338;958;11250;3967
2016-11-25T04:15:00;1128;431;79;2149;0;50;2564;4208;2171;837;120;1563;12760;10533;903;11343;3957
2016-11-25T04:30:00;1128;432;75;2158;0;50;2564;4209;2223;844;119;1470;12897;10664;758;11310;3962
2016-11-25T04:45:00;1129;432;69;2116;0;49;2564;4222;2334;847;20;1593;13106;10921;771;11560;3815
2016-11-25T05:00:00;1129;433;67;2113;0;49;2565;4230;2430;847;14;1777;13409;11230;664;11849;3805
2016-11-25T05:15:00;1130;433;64;2135;0;49;2576;4233;2555;856;129;1762;13532;11333;666;11982;3940
2016-11-25T05:30:00;1131;436;64;2131;0;50;2579;4244;2709;869;30;1671;13828;11633;508;12072;3842
2016-11-25T05:45:00;1132;436;72;2119;0;51;2578;4239;2869;891;64;1699;14152;11962;418;12276;3874
2016-11-25T06:00:00;1133;432;72;2133;0;52;2572;4225;3000;938;212;1841;14831;12627;525;12576;4034
2016-11-25T06:15:00;1135;433;65;2134;0;52;2581;4238;3201;995;249;1797;15476;13277;252;12812;4068
2016-11-25T06:30:00;1136;440;69;2130;0;52;2583;4236;3353;1062;345;1814;16017;13819;57;13048;4172
2016-11-25T06:45:00;1138;437;71;2121;0;52;2583;4244;3518;1186;366;1901;16483;14290;20;13432;4185
2016-11-25T07:00:00;1139;433;70;2077;2;52;2576;4250;3590;1274;188;2094;17004;14855;89;13784;3961
2016-11-25T07:15:00;1142;436;65;2046;1;52;2585;4259;3646;1299;301;2143;17380;15268;68;13932;4043
2016-11-25T07:30:00;1143;438;59;2029;1;52;2584;4250;3748;1312;358;2215;17677;15589;14;14109;4080
2016-11-25T07:45:00;1143;434;60;2027;6;52;2583;4256;3787;1330;300;2314;17739;15646;28;14270;4022
2016-11-25T08:00:00;1145;426;56;1991;23;52;2579;4241;3809;1333;533;2285;17849;15779;55;14247;4226
2016-11-25T08:15:00;1147;425;52;1959;63;52;2584;4252;3799;1340;576;2299;17897;15824;65;14274;4274
2016-11-25T08:30:00;1148;427;47;1918;135;52;2584;4257;3785;1336;530;2299;17974;15874;43;14261;4257
2016-11-25T08:45:00;1147;433;41;1848;226;52;2583;4259;3755;1330;512;2285;17940;15825;38;14212;4259
2016-11-25T09:00:00;1144;440;35;1792;325;52;2581;4254;3733;1349;612;2265;17958;15806;21;14182;4400
2016-11-25T09:15:00;1146;440;33;1755;445;52;2583;4255;3721;1349;671;2242;17977;15744;22;14150;4542
2016-11-25T09:30:00;1149;439;31;1710;584;52;2581;4249;3729;1351;653;2270;18052;15727;33;14180;4618
2016-11-25T09:45:00;1149;439;28;1660;704;52;2583;4242;3729;1358;509;2331;18105;15713;25;14243;4541
2016-11-25T10:00:00;1149;441;24;1622;828;52;2583;4250;3754;1361;564;2380;18172;15699;20;14328;4680
2016-11-25T10:15:00;1151;436;24;1581;966;52;2582;4253;3794;1360;484;2359;18202;15632;37;14348;4694
2016-11-25T10:30:00;1153;426;23;1521;1101;52;2580;4279;3808;1401;466;2301;18130;15485;67;14369;4742
2016-11-25T10:45:00;1153;424;23;1470;1249;52;2584;4304;3799;1403;387;2252;18147;15405;71;14342;4758
2016-11-25T11:00:00;1149;421;22;1415;1370;52;2585;4294;3737;1348;445;2242;18106;15298;152;14206;4874
2016-11-25T11:15:00;1146;423;20;1368;1419;52;2584;4306;3716;1322;412;2234;18217;15411;124;14162;4840
2016-11-25T11:30:00;1148;425;21;1326;1474;52;2578;4311;3769;1297;467;2194;18256;15436;119;14149;4913
2016-11-25T11:45:00;1150;425;17;1316;1511;52;2581;4313;3762;1300;448;2181;18232;15388;126;14137;4919
2016-11-25T12:00:00;1151;432;16;1274;1556;52;2586;4323;3763;1309;391;2278;18310;15465;21;14259;4872
2016-11-25T12:15:00;1153;427;17;1240;1525;52;2585;4322;3762;1322;213;2353;18317;15536;17;14344;4627
2016-11-25T12:30:00;1156;428;19;1208;1547;52;2585;4333;3766;1337;330;2399;18282;15508;70;14420;4740
2016-11-25T12:45:00;1158;424;20;1170;1517;52;2583;4324;3801;1345;232;2442;18177;15470;71;14495;4573
2016-11-25T13:00:00;1157;422;22;1176;1444;52;2586;4336;3812;1350;217;2367;18171;15529;30;14451;4490
2016-11-25T13:15:00;1158;423;23;1139;1373;52;2581;4327;3853;1348;167;2301;17987;15453;21;14410;4335
2016-11-25T13:30:00;1163;426;23;1114;1257;52;2584;4319;3878;1349;137;2258;17778;15384;60;14388;4172
2016-11-25T13:45:00;1166;426;22;1093;1154;52;2578;4316;3855;1345;80;2232;17579;15311;61;14326;3993
2016-11-25T14:00:00;1166;430;22;1063;1038;52;2583;4322;3878;1312;65;2251;17442;15319;60;14346;3836
2016-11-25T14:15:00;1166;446;21;1063;872;52;2584;4315;3894;1338;155;2259;17496;15541;53;14390;3775
2016-11-25T14:30:00;1166;447;21;1038;715;52;2584;4324;3900;1345;216;2311;17479;15706;16;14464;3655
2016-11-25T14:45:00;1166;444;21;1012;573;52;2583;4317;3925;1341;207;2408;17441;15835;16;14574;3475
2016-11-25T15:00:00;1167;442;22;1003;423;52;2581;4318;3952;1343;218;2442;17500;16053;16;14636;3327
2016-11-25T15:15:00;1169;436;23;987;285;52;2584;4325;3964;1343;239;2452;17416;16120;16;14668;3191
2016-11-25T15:30:00;1170;435;25;985;171;52;2584;4334;3966;1346;282;2475;17415;16234;14;14705;3120
2016-11-25T15:45:00;1171;434;29;960;84;52;2583;4338;3967;1351;383;2480;17453;16380;15;14719;3113
2016-11-25T16:00:00;1174;434;31;978;36;52;2579;4320;3974;1359;660;2367;17536;16491;14;14599;3365
2016-11-25T16:15:00;1174;432;38;966;15;52;2585;4323;3970;1360;924;2309;17637;16619;15;14547;3601
2016-11-25T16:30:00;1173;436;38;968;8;52;2585;4331;3978;1363;1038;2388;17850;16835;14;14645;3713
2016-11-25T16:45:00;1174;441;41;999;0;52;2585;4339;3987;1395;1242;2398;18111;17072;15;14704;3949
2016-11-25T17:00:00;1172;435;43;991;0;52;2576;4327;3989;1426;1182;2508;18332;17299;14;14826;3875
2016-11-25T17:15:00;1170;434;43;977;0;52;2581;4327;3994;1438;1206;2495;18420;17400;15;14835;3882
2016-11-25T17:30:00;1171;432;45;960;0;52;2581;4325;3997;1433;1221;2507;18366;17361;14;14843;3881
2016-11-25T17:45:00;1172;432;48;937;0;52;2582;4329;3996;1427;1165;2528;18309;17324;15;14862;3806
2016-11-25T18:00:00;1170;433;49;899;0;52;2580;4322;3996;1423;875;2479;18142;17194;15;14800;3478
2016-11-25T18:15:00;1170;434;52;868;0;52;2583;4326;3998;1427;706;2484;18035;17116;15;14818;3282
2016-11-25T18:30:00;1173;431;51;865;0;52;2582;4332;4000;1406;684;2475;17998;17083;14;14795;3256
2016-11-25T18:45:00;1176;432;54;852;0;52;2583;4333;4003;1401;614;2510;17966;17060;15;14830;3180
2016-11-25T19:00:00;1175;440;57;813;0;52;2586;4334;3979;1368;448;2588;17842;16972;14;14855;2985
2016-11-25T19:15:00;1172;434;59;782;0;52;2584;4331;3952;1320;286;2530;17640;16800;15;14717;2785
2016-11-25T19:30:00;1171;432;57;743;0;52;2582;4338;3864;1301;325;2501;17503;16703;14;14586;2780
2016-11-25T19:45:00;1169;425;57;708;0;52;2578;4333;3818;1301;220;2510;17288;16523;15;14540;2631
2016-11-25T20:00:00;1162;428;56;688;0;52;2586;4348;3797;1297;342;2375;16893;16149;14;14403;2728
2016-11-25T20:15:00;1162;426;54;680;0;52;2582;4328;3728;1265;423;2299;16600;15867;15;14202;2797
2016-11-25T20:30:00;1157;429;53;668;0;52;2583;4335;3655;1217;438;2186;16380;15659;14;13976;2797
2016-11-25T20:45:00;1156;426;53;656;0;52;2576;4328;3576;1170;181;2184;16081;15372;68;13834;2524
2016-11-25T21:00:00;1155;428;54;641;0;52;2586;4338;3445;1143;311;2015;15815;15120;99;13527;2641
2016-11-25T21:15:00;1156;428;52;621;0;52;2585;4336;3342;1050;356;2008;15731;15058;91;13321;2665
2016-11-25T21:30:00;1158;427;49;632;0;52;2585;4338;3335;965;251;1996;15563;14883;133;13219;2569
2016-11-25T21:45:00;1158;427;48;613;0;52;2579;4330;3322;890;217;2011;15323;14662;197;13132;2515
2016-11-25T22:00:00;1155;434;51;594;0;52;2585;4337;3171;908;339;1870;15367;14722;17;12871;2625
2016-11-25T22:15:00;1154;439;54;587;0;52;2576;4326;3143;910;270;1820;15079;14439;19;12775;2556
2016-11-25T22:30:00;1155;435;54;569;0;52;2582;4330;3114;911;96;1836;14775;14152;72;12773;2361
2016-11-25T22:45:00;1155;436;58;552;0;51;2575;4304;3050;906;259;1846;14452;13842;203;12681;2511
2016-11-25T23:00:00;1154;440;61;553;0;51;2586;4272;2943;903;273;1790;14158;13545;311;12494;2532
2016-11-25T23:15:00;1156;439;62;544;0;52;2580;4256;2879;892;246;1729;13892;13286;405;12336;2499
2016-11-25T23:30:00;1157;429;66;546;0;51;2576;4262;2846;894;226;1615;13636;13024;464;12193;2475
2016-11-25T23:45:00;1156;428;72;523;0;52;2569;4224;2731;871;211;1748;13409;12814;718;12143;2442
2016-11-26T00:00:00;1148;444;81;510;0;51;2586;4170;2873;889;59;1786;13242;12651;306;12304;2293
2016-11-26T00:15:00;1145;452;89;499;0;49;2585;4130;2863;879;264;1751;13003;12416;365;12208;2498
2016-11-26T00:30:00;1148;449;105;472;0;49;2584;4139;2785;876;256;1712;12829;12252;426;12096;2479
2016-11-26T00:45:00;1149;443;130;457;0;49;2578;4138;2730;870;239;1696;12644;12056;498;12012;2467
2016-11-26T01:00:00;1140;443;151;454;0;49;2587;4249;2679;883;19;1585;12528;11923;513;11983;2256
2016-11-26T01:15:00;1139;435;156;443;0;49;2582;4246;2574;870;92;1566;12286;11687;577;11838;2314
2016-11-26T01:30:00;1140;435;169;419;0;49;2586;4243;2548;860;10;1575;12172;11585;672;11812;2222
2016-11-26T01:45:00;1140;436;178;395;0;49;2580;4233;2514;846;9;1549;12154;11581;661;11722;2207
2016-11-26T02:00:00;1137;431;179;381;0;49;2587;4232;2521;849;9;1517;12136;11575;554;11706;2186
2016-11-26T02:15:00;1134;433;183;372;0;49;2580;4218;2506;836;89;1549;11996;11441;644;11689;2260
2016-11-26T02:30:00;1139;423;197;363;0;49;2576;4204;2501;835;97;1546;12020;11461;663;11662;2268
2016-11-26T02:45:00;1142;417;203;355;0;49;2578;4220;2499;834;95;1560;11964;11406;679;11691;2261
2016-11-26T03:00:00;1141;421;210;353;0;49;2587;4226;2463;834;115;1374;11894;11332;564;11484;2289
2016-11-26T03:15:00;1141;417;215;337;0;49;2583;4227;2463;834;18;1335;11838;11287;543;11442;2177
2016-11-26T03:30:00;1140;414;225;329;0;49;2584;4227;2456;836;93;1306;11843;11290;497;11409;2250
2016-11-26T03:45:00;1139;414;237;324;0;49;2586;4228;2464;838;92;1331;11894;11333;518;11447;2255
2016-11-26T04:00:00;1146;420;244;323;0;49;2586;4240;2435;837;89;1428;12078;11512;518;11526;2271
2016-11-26T04:15:00;1147;419;243;342;0;49;2581;4224;2370;841;5;1426;12054;11469;478;11442;2205
2016-11-26T04:30:00;1147;415;242;348;0;49;2579;4227;2337;844;96;1508;11956;11365;609;11495;2297
2016-11-26T04:45:00;1149;417;257;355;0;49;2583;4219;2307;846;88;1549;11968;11356;619;11504;2315
2016-11-26T05:00:00;1145;413;273;359;0;49;2583;4192;2377;853;88;1585;12016;11385;610;11590;2327
2016-11-26T05:15:00;1141;413;287;372;0;50;2584;4165;2396;857;6;1563;12045;11386;589;11565;2269
2016-11-26T05:30:00;1144;414;290;373;0;50;2585;4142;2443;855;97;1532;12046;11383;570;11557;2368
2016-11-26T05:45:00;1148;412;299;382;0;51;2580;4083;2525;837;5;1549;12045;11364;607;11574;2297
2016-11-26T06:00:00;1150;413;303;383;0;50;2581;4010;2592;864;7;1618;12131;11445;582;11665;2306
2016-11-26T06:15:00;1152;415;304;394;0;50;2585;4013;2640;875;87;1613;12345;11647;492;11726;2402
2016-11-26T06:30:00;1153;416;316;395;0;50;2584;4016;2704;877;92;1609;12460;11749;376;11790;2422
2016-11-26T06:45:00;1151;417;326;402;0;50;2584;4036;2756;877;51;1669;12666;11938;283;11922;2397
2016-11-26T07:00:00;1151;422;324;395;1;50;2579;4063;2854;916;34;1779;12941;12222;263;12191;2377
2016-11-26T07:15:00;1154;427;332;390;1;50;2582;4064;2899;941;49;1800;13258;12536;182;12286;2403
2016-11-26T07:30:00;1155;429;344;388;1;50;2583;4063;2918;954;139;1771;13456;12724;53;12289;2506
2016-11-26T07:45:00;1154;414;352;386;3;50;2586;4092;2926;946;224;1777;13587;12847;1;12327;2583
2016-11-26T08:00:00;1153;413;351;381;16;50;2584;4140;2961;935;145;1752;13870;13122;1;12372;2509
2016-11-26T08:15:00;1154;436;344;390;37;50;2586;4148;2975;938;288;1763;14099;13328;1;12410;2699
2016-11-26T08:30:00;1160;436;332;395;72;50;2587;4152;2968;938;479;1784;14292;13493;1;12429;2924
2016-11-26T08:45:00;1166;438;332;402;125;51;2587;4157;2968;937;615;1783;14504;13645;1;12432;3129
2016-11-26T09:00:00;1164;438;332;403;180;51;2585;4156;2988;931;545;1829;14737;13823;1;12489;3113
2016-11-26T09:15:00;1164;448;333;409;238;51;2586;4145;2986;926;623;1819;14919;13939;1;12462;3266
2016-11-26T09:30:00;1162;449;330;417;298;51;2587;4147;2986;941;756;1762;15088;14043;1;12423;3463
2016-11-26T09:45:00;1163;450;334;429;364;51;2584;4146;2984;944;745;1788;15192;14065;1;12446;3536
2016-11-26T10:00:00;1166;441;345;451;430;51;2585;4113;2978;948;646;1827;15215;13989;1;12451;3530
2016-11-26T10:15:00;1168;432;354;457;480;51;2585;4100;2972;954;694;1773;15328;14037;1;12384;3636
2016-11-26T10:30:00;1168;440;357;468;529;51;2585;4098;2970;955;641;1796;15453;14099;0;12404;3654
2016-11-26T10:45:00;1169;443;354;497;570;51;2582;4108;2965;955;610;1804;15498;14077;1;12414;3694
2016-11-26T11:00:00;1168;451;363;518;609;51;2588;4122;2971;954;580;1724;15484;13994;0;12359;3740
2016-11-26T11:15:00;1168;447;375;562;619;51;2587;4105;2980;954;561;1766;15568;14012;1;12392;3783
2016-11-26T11:30:00;1170;448;385;591;636;51;2587;4085;2990;950;543;1778;15613;14000;0;12390;3824
2016-11-26T11:45:00;1167;447;401;633;659;51;2586;4053;2994;950;543;1747;15581;13888;1;12330;3901
2016-11-26T12:00:00;1164;445;406;667;683;51;2586;4013;2992;951;737;1725;15507;13751;0;12267;4153
2016-11-26T12:15:00;1162;445;406;705;686;51;2585;4007;2971;952;401;1734;15453;13656;1;12249;3856
2016-11-26T12:30:00;1163;444;415;744;668;51;2584;3977;2962;954;299;1783;15366;13540;0;12260;3784
2016-11-26T12:45:00;1165;440;422;770;637;51;2585;3943;2960;953;401;1816;15270;13441;1;12257;3886
2016-11-26T13:00:00;1165;432;430;797;608;51;2584;3944;2990;957;263;1774;15188;13354;0;12249;3746
2016-11-26T13:15:00;1167;431;442;828;579;51;2583;3948;3014;957;133;1745;15027;13178;1;12247;3631
2016-11-26T13:30:00;1170;432;454;874;521;51;2585;3942;3019;954;289;1751;14939;13091;26;12251;3791
2016-11-26T13:45:00;1173;428;470;906;464;51;2582;3947;3046;950;262;1717;14791;12952;58;12242;3754
2016-11-26T14:00:00;1171;436;481;952;405;51;2576;3958;3079;949;81;1643;14740;12902;60;12205;3577
2016-11-26T14:15:00;1169;429;495;986;343;51;2565;3945;3084;950;96;1587;14697;12873;85;12131;3569
2016-11-26T14:30:00;1170;428;497;1017;276;51;2553;3953;3114;952;82;1591;14646;12857;131;12163;3521
2016-11-26T14:45:00;1171;431;487;1027;221;51;2543;3947;3125;956;88;1594;14636;12902;125;12165;3476
2016-11-26T15:00:00;1171;437;497;1049;171;51;2535;3934;3130;963;209;1619;14654;12937;5;12181;3585
2016-11-26T15:15:00;1171;442;499;1076;120;51;2538;3931;3132;964;242;1627;14656;12961;10;12192;3601
2016-11-26T15:30:00;1172;447;511;1110;72;51;2538;3934;3136;967;242;1632;14636;12944;9;12207;3605
2016-11-26T15:45:00;1171;445;512;1153;36;51;2537;3923;3160;967;220;1643;14670;12969;32;12230;3588
2016-11-26T16:00:00;1171;434;503;1202;15;51;2534;3931;3196;965;340;1682;14830;13111;31;12308;3716
2016-11-26T16:15:00;1168;438;506;1275;7;51;2518;3931;3204;965;209;1680;15016;13229;12;12298;3654
2016-11-26T16:30:00;1167;453;523;1301;4;51;2514;3930;3202;967;383;1700;15269;13442;1;12313;3882
2016-11-26T16:45:00;1168;455;537;1375;0;51;2513;3865;3200;969;629;1732;15550;13639;1;12279;4215
2016-11-26T17:00:00;1168;453;556;1454;0;51;2506;3707;3198;966;696;1743;15724;13714;29;12120;4378
2016-11-26T17:15:00;1166;451;572;1487;0;51;2511;3702;3202;967;783;1734;15743;13684;69;12116;4510
2016-11-26T17:30:00;1170;454;631;1527;0;51;2511;3696;3196;968;839;1742;15807;13650;69;12113;4672
2016-11-26T17:45:00;1171;456;648;1611;0;51;2511;3688;3202;969;809;1751;15863;13604;68;12121;4746
2016-11-26T18:00:00;1171;457;648;1683;0;51;2488;3641;3216;966;621;1746;15812;13481;69;12057;4631
2016-11-26T18:15:00;1172;454;646;1716;0;51;2442;3613;3224;967;506;1734;15707;13345;55;11980;4545
2016-11-26T18:30:00;1172;456;651;1777;0;51;2394;3612;3250;967;460;1733;15711;13283;38;11956;4567
2016-11-26T18:45:00;1169;454;654;1860;0;51;2382;3607;3236;969;377;1772;15619;13106;39;11966;4565
2016-11-26T19:00:00;1170;464;672;1916;0;51;2382;3573;3144;967;502;1748;15499;12911;32;11814;4775
2016-11-26T19:15:00;1170;459;692;1957;0;51;2380;3534;3118;965;418;1759;15415;12766;41;11756;4747
2016-11-26T19:30:00;1171;448;705;2002;0;51;2380;3526;3108;962;474;1740;15211;12504;78;11716;4851
2016-11-26T19:45:00;1170;449;708;2009;0;51;2375;3493;3059;950;194;1778;15113;12396;91;11655;4581
2016-11-26T20:00:00;1164;469;728;2029;0;51;2385;3402;2887;941;315;1696;14879;12123;13;11311;4756
2016-11-26T20:15:00;1162;461;709;2088;0;51;2381;3363;2797;912;113;1715;14551;11754;46;11168;4584
2016-11-26T20:30:00;1163;462;706;2125;0;51;2381;3362;2690;846;105;1659;14372;11541;107;10938;4612
2016-11-26T20:45:00;1165;457;715;2150;0;51;2379;3346;2616;783;343;1610;14157;11292;213;10734;4881
2016-11-26T21:00:00;1159;465;736;2192;0;51;2384;3248;2579;706;253;1524;13985;11057;164;10441;4856
2016-11-26T21:15:00;1158;463;748;2241;0;51;2380;3219;2567;701;91;1582;13874;10885;188;10449;4752
2016-11-26T21:30:00;1156;460;752;2275;0;51;2374;3234;2533;662;248;1638;13723;10696;292;10441;4942
2016-11-26T21:45:00;1155;457;727;2341;0;51;2366;3233;2473;645;33;1670;13555;10487;442;10387;4764
2016-11-26T22:00:00;1151;463;747;2388;0;51;2375;3266;2420;671;258;1617;13682;10547;272;10349;5058
2016-11-26T22:15:00;1154;457;764;2470;0;51;2372;3275;2305;692;34;1604;13544;10311;312;10248;4930
2016-11-26T22:30:00;1155;452;765;2495;0;51;2373;3296;2080;693;35;1606;13342;10083;300;10048;4953
2016-11-26T22:45:00;1154;450;771;2531;0;51;2370;3330;1967;687;33;1572;13095;9794;392;9926;4990
2016-11-26T23:00:00;1154;454;773;2606;0;51;2375;3285;1920;682;43;1328;12825;9446;342;9590;5081
2016-11-26T23:15:00;1153;451;783;2592;0;51;2368;3220;1768;645;228;1234;12616;9241;300;9235;5258
2016-11-26T23:30:00;1153;456;795;2580;0;51;2370;3180;1664;605;39;1258;12394;9020;412;9077;5074
2016-11-26T23:45:00;1152;445;791;2651;0;51;2360;3191;1615;582;41;1263;12161;8720;527;9011;5131
2016-11-27T00:00:00;1149;452;797;2670;0;51;2371;3287;1544;576;26;1233;12036;8569;223;9011;5145
2016-11-27T00:15:00;1148;449;803;2671;0;51;2364;3303;1514;574;21;1198;11781;8307;396;8953;5143
2016-11-27T00:30:00;1144;451;813;2687;0;51;2369;3325;1481;575;28;1214;11676;8176;526;8964;5174
2016-11-27T00:45:00;1143;450;821;2688;0;51;2363;3336;1407;573;25;1173;11505;7996;543;8852;5178
2016-11-27T01:00:00;1134;460;820;2690;0;51;2372;3520;1311;572;41;1065;11371;7861;432;8840;5196
2016-11-27T01:15:00;1133;459;815;2725;0;51;2369;3557;1280;573;17;1057;11267;7726;538;8836;5200
2016-11-27T01:30:00;1132;461;818;2738;0;51;2371;3554;1271;571;19;1108;11194;7639;640;8875;5219
2016-11-27T01:45:00;1131;457;818;2730;0;51;2369;3567;1264;569;5;1120;11096;7548;697;8889;5192
2016-11-27T02:00:00;1132;461;817;2723;0;51;2372;3628;1281;569;20;1152;11042;7502;811;9002;5204
2016-11-27T02:15:00;1134;458;813;2717;0;51;2371;3620;1264;565;18;1110;10973;7443;851;8930;5191
2016-11-27T02:30:00;1138;459;820;2684;0;51;2370;3625;1239;563;7;1132;10948;7444;862;8929;5159
2016-11-27T02:45:00;1140;456;820;2658;0;51;2370;3629;1236;563;9;1110;10901;7423;875;8908;5134
2016-11-27T03:00:00;1134;465;818;2629;0;51;2371;3648;1232;563;50;1072;10999;7552;818;8886;5147
2016-11-27T03:15:00;1134;452;820;2647;0;51;2371;3650;1228;568;25;1105;10945;7478;837;8922;5129
2016-11-27T03:30:00;1135;445;819;2656;0;51;2372;3652;1226;569;18;1131;10954;7479;840;8950;5124
2016-11-27T03:45:00;1133;442;815;2659;0;51;2371;3657;1224;568;7;1118;10931;7458;833;8938;5107
2016-11-27T04:00:00;1135;441;819;2621;0;51;2371;3671;1193;569;5;1127;10987;7547;807;8931;5072
2016-11-27T04:15:00;1132;441;818;2574;0;51;2373;3671;1179;570;12;1114;10932;7541;809;8907;5028
2016-11-27T04:30:00;1134;447;817;2487;0;51;2396;3668;1178;568;25;1118;11049;7745;762;8928;4961
2016-11-27T04:45:00;1136;441;818;2415;0;51;2433;3680;1174;573;18;1117;10969;7736;798;8977;4879
2016-11-27T05:00:00;1133;446;815;2363;0;51;2477;3631;1205;574;19;1157;10995;7817;654;9044;4827
2016-11-27T05:15:00;1134;440;808;2341;0;50;2489;3624;1193;570;10;1122;10899;7749;620;8998;4783
2016-11-27T05:30:00;1134;435;812;2329;0;49;2489;3630;1194;569;7;1106;10809;7668;675;8988;4766
2016-11-27T05:45:00;1134;431;809;2355;0;49;2492;3622;1149;571;5;1089;10756;7592;701;8923;4783
2016-11-27T06:00:00;1132;432;792;2362;0;49;2487;3567;1132;569;6;1070;10699;7545;691;8825;4773
2016-11-27T06:15:00;1134;427;764;2309;0;49;2492;3570;1130;570;6;1060;10670;7598;606;8822;4689
2016-11-27T06:30:00;1138;408;746;2308;0;50;2495;3562;1140;570;6;1025;10697;7643;540;8792;4656
2016-11-27T06:45:00;1139;406;736;2263;0;50;2496;3559;1186;571;5;1071;10809;7810;555;8883;4599
2016-11-27T07:00:00;1140;404;713;2236;1;50;2497;3518;1240;574;5;1218;10940;7991;786;9047;4549
2016-11-27T07:15:00;1145;404;693;2210;1;50;2498;3509;1254;574;5;1269;11143;8240;650;9104;4508
2016-11-27T07:30:00;1148;403;683;2224;1;50;2502;3527;1305;574;6;1342;11303;8395;638;9250;4515
2016-11-27T07:45:00;1145;401;669;2240;6;50;2498;3564;1355;579;6;1422;11455;8540;619;9418;4517
2016-11-27T08:00:00;1153;401;654;2210;30;50;2492;3595;1460;584;5;1540;11753;8859;626;9671;4503
2016-11-27T08:15:00;1155;400;628;2189;74;51;2496;3588;1538;582;88;1459;11907;9016;423;9663;4585
2016-11-27T08:30:00;1158;400;603;2155;140;51;2521;3601;1582;581;157;1414;12140;9242;223;9699;4664
2016-11-27T08:45:00;1161;401;574;2084;233;51;2560;3596;1669;582;77;1410;12339;9448;194;9817;4581
2016-11-27T09:00:00;1166;400;545;2032;338;51;2574;3443;1789;577;146;1425;12643;9728;196;9808;4678
2016-11-27T09:15:00;1167;399;521;1966;493;51;2572;3315;1829;580;73;1443;12837;9857;141;9739;4670
2016-11-27T09:30:00;1167;398;507;1895;647;51;2572;3278;1852;580;340;1480;13060;10012;62;9762;5005
2016-11-27T09:45:00;1168;398;492;1833;806;51;2574;3270;1874;580;329;1540;13251;10121;56;9838;5077
2016-11-27T10:00:00;1167;396;466;1781;966;51;2568;3240;1895;576;69;1612;13388;10176;146;9891;4896
2016-11-27T10:15:00;1170;395;447;1688;1076;51;2570;3231;1909;576;99;1574;13545;10334;98;9860;4926
2016-11-27T10:30:00;1172;393;434;1624;1204;51;2566;3221;1918;575;145;1568;13604;10342;89;9848;5023
2016-11-27T10:45:00;1172;393;423;1553;1305;51;2571;3223;1923;577;246;1530;13792;10511;79;9824;5143
2016-11-27T11:00:00;1170;392;412;1538;1385;51;2572;3192;1952;578;151;1606;13930;10596;72;9900;5099
2016-11-27T11:15:00;1172;397;406;1504;1410;51;2572;3187;1960;581;191;1656;14218;10899;58;9956;5131
2016-11-27T11:30:00;1172;397;375;1520;1459;51;2571;3178;1983;583;162;1691;14300;10946;63;10006;5136
2016-11-27T11:45:00;1172;396;367;1569;1498;51;2572;3157;1985;583;202;1639;14337;10902;36;9936;5255
2016-11-27T12:00:00;1169;396;396;1604;1497;51;2570;3139;1971;580;371;1649;14320;10823;36;9909;5484
2016-11-27T12:15:00;1167;392;388;1622;1517;51;2568;3123;1953;579;333;1621;14184;10656;42;9844;5470
2016-11-27T12:30:00;1170;393;392;1635;1488;51;2571;3126;1956;579;107;1615;14110;10596;38;9847;5236
2016-11-27T12:45:00;1170;389;376;1670;1486;51;2566;3147;1947;579;86;1585;13931;10400;64;9824;5228
2016-11-27T13:00:00;1171;386;353;1684;1467;51;2565;3163;1942;576;266;1579;13808;10304;148;9825;5378
2016-11-27T13:15:00;1174;383;339;1678;1380;51;2552;3164;1940;579;239;1497;13658;10262;151;9732;5244
2016-11-27T13:30:00;1174;384;336;1701;1296;51;2555;3159;1943;578;246;1477;13529;10197;149;9712;5188
2016-11-27T13:45:00;1176;385;319;1721;1179;51;2570;3192;1949;577;246;1523;13422;10204;198;9811;5077
2016-11-27T14:00:00;1174;388;312;1723;1017;51;2576;3258;1964;581;111;1526;13464;10413;100;9905;4776
2016-11-27T14:15:00;1174;385;327;1764;877;51;2574;3245;1977;581;353;1482;13271;10304;73;9859;4931
2016-11-27T14:30:00;1175;384;317;1781;713;51;2574;3248;2007;578;402;1436;13145;10335;86;9843;4823
2016-11-27T14:45:00;1171;384;318;1800;582;51;2577;3248;2009;581;413;1444;13102;10402;73;9859;4719
2016-11-27T15:00:00;1166;384;294;1765;418;51;2580;3255;2006;581;183;1485;13155;10678;76;9907;4261
2016-11-27T15:15:00;1167;383;276;1756;273;51;2578;3252;1998;584;177;1453;13100;10795;65;9865;4083
2016-11-27T15:30:00;1167;382;274;1756;159;51;2578;3246;1997;585;337;1508;13101;10912;44;9914;4126
2016-11-27T15:45:00;1165;382;263;1806;71;51;2579;3249;2027;586;76;1548;13124;10984;39;9989;3814
2016-11-27T16:00:00;1164;382;264;1913;28;51;2580;3246;2097;591;290;1574;13298;11092;210;10088;4092
2016-11-27T16:15:00;1167;383;273;1990;12;51;2580;3249;2129;596;60;1549;13612;11338;161;10103;3936
2016-11-27T16:30:00;1168;384;294;2072;6;51;2581;3250;2201;600;439;1503;13995;11623;69;10135;4414
2016-11-27T16:45:00;1168;385;314;2181;0;51;2583;3227;2271;607;306;1568;14327;11831;24;10256;4405
2016-11-27T17:00:00;1169;376;307;2324;0;51;2579;3203;2323;610;670;1474;14562;11931;5;10189;4897
2016-11-27T17:15:00;1172;376;295;2405;0;51;2578;3201;2349;609;757;1505;14723;12023;5;10242;5056
2016-11-27T17:30:00;1172;382;294;2495;0;51;2578;3198;2365;609;818;1504;14852;12063;3;10254;5212
2016-11-27T17:45:00;1175;386;290;2560;0;51;2580;3196;2372;605;823;1525;14916;12066;3;10278;5285
2016-11-27T18:00:00;1176;382;278;2641;0;51;2582;3243;2379;606;649;1543;14978;12059;3;10353;5177
2016-11-27T18:15:00;1177;378;247;2691;0;51;2581;3241;2376;607;639;1536;14982;12045;3;10341;5183
2016-11-27T18:30:00;1176;378;222;2757;0;51;2583;3245;2374;609;585;1541;14989;12010;3;10352;5169
2016-11-27T18:45:00;1177;381;222;2864;0;51;2583;3216;2366;608;543;1555;14922;11837;32;10328;5238
2016-11-27T19:00:00;1175;383;232;2958;0;51;2582;3211;2304;610;390;1543;14793;11604;28;10250;5189
2016-11-27T19:15:00;1174;384;231;3030;0;51;2572;3241;2262;610;338;1566;14690;11429;43;10251;5208
2016-11-27T19:30:00;1174;380;236;3111;0;51;2573;3243;2252;609;207;1592;14661;11314;60;10269;5159
2016-11-27T19:45:00;1174;381;262;3193;0;51;2580;3236;2226;608;81;1588;14606;11152;57;10238;5142
2016-11-27T20:00:00;1170;384;299;3216;0;51;2583;3261;2234;605;255;1576;14601;11085;91;10259;5375
2016-11-27T20:15:00;1170;379;333;3188;0;51;2581;3255;2187;602;339;1426;14274;10754;153;10051;5460
2016-11-27T20:30:00;1170;376;367;3151;0;51;2577;3258;2119;596;37;1563;14102;10585;322;10113;5152
2016-11-27T20:45:00;1168;375;398;3082;0;51;2552;3245;2064;591;241;1555;14006;10527;327;10007;5315
2016-11-27T21:00:00;1164;379;434;3055;0;51;2548;3257;2004;590;45;1517;13858;10369;141;9916;5128
2016-11-27T21:15:00;1162;381;446;3073;0;51;2545;3268;1988;591;253;1493;13791;10273;152;9885;5366
2016-11-27T21:30:00;1162;380;429;3094;0;51;2546;3269;1984;589;25;1484;13768;10245;141;9872;5141
2016-11-27T21:45:00;1162;379;389;3041;0;51;2558;3261;1974;580;24;1495;13736;10306;149;9868;5046
2016-11-27T22:00:00;1158;384;397;3020;0;51;2571;3270;1927;583;158;1489;14028;10611;24;9840;5168
2016-11-27T22:15:00;1157;382;410;3040;0;51;2566;3270;1913;584;323;1453;13899;10450;44;9786;5363
2016-11-27T22:30:00;1148;380;420;3075;0;51;2563;3286;1885;581;84;1506;13664;10170;175;9821;5158
2016-11-27T22:45:00;1142;383;424;3112;0;51;2564;3298;1829;582;232;1467;13327;9790;351;9740;5344
2016-11-27T23:00:00;1144;389;454;3104;0;51;2561;3359;1672;591;284;1359;13207;9650;255;9542;5426
2016-11-27T23:15:00;1146;382;473;3135;0;52;2550;3357;1618;589;137;1273;12933;9325;326;9387;5325
2016-11-27T23:30:00;1146;379;433;3139;0;52;2559;3365;1541;585;4;1249;12654;9083;436;9299;5153
2016-11-27T23:45:00;1145;375;443;3145;0;52;2550;3363;1424;583;1;1282;12438;8851;516;9202;5161
2016-11-28T00:00:00;1141;374;492;3183;0;52;2559;3455;1341;594;95;1131;12390;8715;432;9080;5337
2016-11-28T00:15:00;1140;369;552;3168;0;52;2553;3475;1377;593;102;1091;12190;8470;592;9089;5383
2016-11-28T00:30:00;1140;368;525;3211;0;52;2550;3450;1401;592;2;1113;12065;8329;740;9106;5298
2016-11-28T00:45:00;1137;367;542;3226;0;52;2529;3417;1380;591;2;1133;11887;8119;827;9050;5326
2016-11-28T01:00:00;1129;375;571;3223;0;52;2540;3438;1368;597;3;1052;11867;8073;519;8995;5353
2016-11-28T01:15:00;1124;369;588;3232;0;52;2538;3436;1356;599;2;1016;11756;7936;592;8945;5367
2016-11-28T01:30:00;1122;369;599;3240;0;52;2532;3398;1404;599;3;1055;11747;7909;669;8988;5385
2016-11-28T01:45:00;1121;367;586;3249;0;52;2522;3369;1403;598;108;1104;11602;7766;762;8996;5483
2016-11-28T02:00:00;1119;368;578;3233;0;52;2516;3343;1412;599;90;1062;11627;7817;735;8932;5440
2016-11-28T02:15:00;1118;369;580;3229;0;52;2501;3289;1439;603;2;1058;11679;7871;681;8890;5350
2016-11-28T02:30:00;1123;368;574;3171;0;52;2501;3282;1434;605;100;1055;11680;7936;634;8877;5388
2016-11-28T02:45:00;1129;367;581;3126;0;52;2500;3281;1437;601;2;1088;11666;7960;663;8907;5257
2016-11-28T03:00:00;1128;368;585;3089;0;52;2503;3358;1475;605;2;1182;11699;8025;674;9123;5224
2016-11-28T03:15:00;1127;366;600;3065;0;52;2510;3365;1496;605;5;1219;11727;8061;698;9195;5215
2016-11-28T03:30:00;1124;364;621;3060;0;51;2526;3366;1545;604;7;1264;11789;8108;797;9305;5227
2016-11-28T03:45:00;1125;371;632;3049;0;51;2523;3383;1595;605;16;1294;11990;8309;760;9400;5244
2016-11-28T04:00:00;1130;369;625;2999;0;51;2527;3498;1610;606;15;1291;12146;8522;775;9532;5189
2016-11-28T04:15:00;1133;371;625;2971;0;51;2524;3579;1680;621;18;1358;12246;8650;866;9762;5169
2016-11-28T04:30:00;1134;365;641;2940;0;51;2525;3641;1750;624;13;1346;12483;8902;745;9886;5144
2016-11-28T04:45:00;1131;365;620;2906;0;51;2537;3698;1812;623;14;1369;12757;9231;697;10039;5087
2016-11-28T05:00:00;1129;364;597;2870;0;51;2538;3705;1908;652;17;1423;13138;9672;531;10226;5028
2016-11-28T05:15:00;1128;373;597;2803;0;51;2564;3740;2016;671;39;1473;13408;10008;434;10464;4991
2016-11-28T05:30:00;1129;378;588;2795;0;51;2570;3764;2149;729;29;1475;13745;10362;338;10687;4970
2016-11-28T05:45:00;1130;382;579;2796;0;51;2570;3794;2261;754;69;1486;14222;10847;175;10865;5007
2016-11-28T06:00:00;1130;378;564;2780;0;51;2568;3866;2414;760;52;1555;14918;11574;357;11163;4955
2016-11-28T06:15:00;1131;380;571;2725;0;51;2575;3919;2712;780;107;1642;15731;12436;216;11628;4965
2016-11-28T06:30:00;1132;379;578;2679;0;52;2574;3908;2928;806;202;1726;16318;13061;3;11942;5022
2016-11-28T06:45:00;1131;376;570;2658;0;52;2574;3941;3187;847;344;1820;16765;13538;2;12369;5131
2016-11-28T07:00:00;1126;371;565;2612;1;52;2558;3953;3347;864;181;1871;17274;14097;19;12593;4908
2016-11-28T07:15:00;1129;373;552;2602;1;52;2571;3974;3449;878;269;1939;17656;14501;0;12811;4978
2016-11-28T07:30:00;1138;375;550;2594;1;52;2572;3977;3545;877;497;1918;17858;14713;0;12889;5207
2016-11-28T07:45:00;1138;375;536;2548;10;52;2589;3972;3676;876;446;1987;17917;14823;23;13100;5105
2016-11-28T08:00:00;1144;376;533;2488;72;52;2567;4002;3726;920;515;2102;18066;14973;0;13317;5180
2016-11-28T08:15:00;1145;377;518;2451;208;52;2570;4021;3768;969;409;2131;18119;14943;45;13459;5160
2016-11-28T08:30:00;1145;379;506;2392;418;52;2570;4027;3819;1046;204;2127;18168;14853;57;13589;5096
2016-11-28T08:45:00;1144;375;486;2279;674;52;2570;4018;3845;1094;109;2119;18092;14653;90;13646;5119
2016-11-28T09:00:00;1141;384;464;2175;956;52;2567;4019;3852;1132;231;2169;18034;14440;45;13739;5403
2016-11-28T09:15:00;1141;403;441;2085;1270;52;2573;4026;3876;1195;140;2153;18081;14284;44;13823;5532
2016-11-28T09:30:00;1141;395;426;1994;1607;52;2584;4063;3883;1232;119;2147;18129;14103;72;13909;5734
2016-11-28T09:45:00;1144;375;408;1874;1929;51;2584;4097;3896;1204;65;2111;18148;13937;119;13892;5846
2016-11-28T10:00:00;1142;376;392;1753;2226;51;2587;4084;3908;1208;98;2085;18133;13762;105;13872;6038
2016-11-28T10:15:00;1142;377;381;1631;2458;51;2587;4040;3880;1192;118;2084;18068;13598;214;13783;6158
2016-11-28T10:30:00;1141;377;356;1524;2702;51;2589;4058;3885;1191;100;2044;18116;13534;231;13767;6251
2016-11-28T10:45:00;1141;377;329;1452;2925;51;2588;4048;3886;1193;77;1980;18207;13503;218;13695;6352
2016-11-28T11:00:00;1141;375;309;1406;3044;51;2585;3977;3891;1183;67;1987;18284;13525;84;13623;6393
2016-11-28T11:15:00;1138;373;293;1401;3121;51;2584;3965;3888;1196;72;2016;18358;13543;76;13649;6449
2016-11-28T11:30:00;1139;373;262;1395;3221;51;2588;3980;3883;1197;87;2030;18416;13537;60;13678;6528
2016-11-28T11:45:00;1141;374;235;1402;3300;52;2587;4020;3820;1194;78;2023;18386;13449;84;13644;6582
2016-11-28T12:00:00;1139;373;214;1398;3329;52;2587;4162;3750;1141;53;2035;18159;13218;289;13675;6558
2016-11-28T12:15:00;1139;375;196;1362;3263;52;2584;4207;3751;1147;89;2143;18088;13268;377;13832;6476
2016-11-28T12:30:00;1139;375;184;1343;3160;52;2585;4222;3781;1138;61;2176;18043;13356;384;13902;6314
2016-11-28T12:45:00;1143;373;171;1332;3047;52;2585;4229;3796;1106;67;2215;18121;13572;311;13931;6185
2016-11-28T13:00:00;1146;377;155;1308;2955;52;2588;4235;3857;1136;74;2177;18290;13872;39;13993;6067
2016-11-28T13:15:00;1146;371;135;1267;2798;52;2588;4237;3891;1189;108;2160;18241;14041;19;14065;5877
2016-11-28T13:30:00;1150;371;119;1191;2589;52;2589;4232;3946;1201;167;2159;18146;14248;6;14127;5639
2016-11-28T13:45:00;1151;370;94;1144;2346;52;2585;4237;3963;1201;202;2156;18008;14425;9;14142;5359
2016-11-28T14:00:00;1150;367;79;1124;2101;52;2587;4231;4008;1184;127;2074;17831;14527;102;14084;5000
2016-11-28T14:15:00;1149;368;73;1082;1829;52;2588;4228;4080;1198;203;2059;17889;14906;2;14153;4756
2016-11-28T14:30:00;1149;369;69;1060;1563;52;2589;4217;4126;1211;460;1996;17878;15187;0;14139;4722
2016-11-28T14:45:00;1148;370;64;1034;1282;52;2589;4214;4106;1224;760;1922;17871;15492;0;14055;4710
2016-11-28T15:00:00;1145;371;61;1004;949;52;2588;4219;4130;1216;503;2020;17926;15912;0;14173;4085
2016-11-28T15:15:00;1146;371;58;961;647;52;2591;4225;4149;1225;601;2020;17843;16178;1;14210;3836
2016-11-28T15:30:00;1149;372;53;966;413;52;2591;4225;4149;1232;825;2017;17874;16443;1;14214;3830
2016-11-28T15:45:00;1150;373;51;974;203;52;2591;4222;4158;1251;922;2008;17822;16594;1;14230;3725
2016-11-28T16:00:00;1150;373;46;997;68;52;2589;4233;4154;1263;944;2019;17956;16845;1;14258;3630
2016-11-28T16:15:00;1151;374;45;1015;23;52;2590;4238;4158;1270;1094;2008;18149;17066;2;14264;3754
2016-11-28T16:30:00;1151;399;42;1070;11;52;2586;4227;4160;1301;1173;2093;18423;17301;1;14367;3898
2016-11-28T16:45:00;1151;401;39;1115;0;52;2587;4231;4173;1351;1381;2115;18756;17603;1;14457;4139
2016-11-28T17:00:00;1151;404;36;1157;0;52;2580;4224;4208;1364;1481;2121;19024;17831;1;14497;4281
2016-11-28T17:15:00;1158;405;35;1232;0;52;2584;4222;4223;1399;1577;2090;19167;17899;0;14518;4459
2016-11-28T17:30:00;1161;405;36;1275;0;52;2588;4221;4223;1450;1555;2099;19181;17871;0;14581;4484
2016-11-28T17:45:00;1162;407;36;1343;0;52;2590;4231;4219;1462;1395;2137;19184;17805;0;14639;4395
2016-11-28T18:00:00;1161;410;34;1387;0;52;2588;4232;4214;1450;1180;2090;19031;17611;0;14574;4224
2016-11-28T18:15:00;1160;410;35;1405;0;52;2589;4227;4220;1442;1151;2003;18877;17438;0;14481;4213
2016-11-28T18:30:00;1160;408;37;1401;0;52;2592;4226;4221;1405;1183;1975;18872;17434;1;14419;4241
2016-11-28T18:45:00;1161;409;38;1389;0;52;2592;4232;4223;1328;1137;2019;18864;17437;3;14394;4186
2016-11-28T19:00:00;1161;404;39;1391;0;52;2592;4234;4227;1314;1089;2096;18832;17403;1;14463;4136
2016-11-28T19:15:00;1161;390;41;1380;0;52;2588;4222;4229;1281;750;2105;18666;17246;2;14425;3774
2016-11-28T19:30:00;1160;382;42;1339;0;52;2587;4226;4211;1276;589;2164;18513;17133;2;14464;3564
2016-11-28T19:45:00;1163;383;46;1307;0;52;2584;4223;4160;1273;500;2175;18338;16985;38;14415;3451
2016-11-28T20:00:00;1156;384;47;1298;0;52;2592;4236;4111;1301;730;2130;18006;16661;1;14370;3667
2016-11-28T20:15:00;1151;384;44;1299;0;52;2590;4226;4070;1270;407;2073;17644;16302;1;14229;3337
2016-11-28T20:30:00;1152;382;39;1293;0;52;2589;4229;4040;1229;328;2039;17373;16041;10;14126;3246
2016-11-28T20:45:00;1155;381;36;1275;0;52;2588;4226;3994;1228;221;2060;17074;15764;128;14096;3120
2016-11-28T21:00:00;1153;386;35;1245;0;52;2592;4241;3961;1195;242;1938;16867;15587;123;13927;3113
2016-11-28T21:15:00;1154;389;38;1218;0;52;2593;4232;3926;1101;257;1903;16717;15462;116;13755;3108
2016-11-28T21:30:00;1159;388;59;1160;0;52;2590;4222;3875;1031;90;1920;16542;15323;119;13638;2908
2016-11-28T21:45:00;1157;387;66;1127;0;52;2585;4216;3758;966;58;1880;16312;15119;87;13405;2847
2016-11-28T22:00:00;1155;394;67;1123;0;52;2594;4218;3628;961;245;1903;16268;15078;1;13304;3036
2016-11-28T22:15:00;1154;395;61;1099;0;52;2592;4192;3563;960;207;1862;16038;14879;13;13169;2968
2016-11-28T22:30:00;1153;397;55;1066;0;52;2593;4191;3523;955;96;1901;15702;14581;275;13163;2819
2016-11-28T22:45:00;1153;397;63;1042;0;52;2588;4184;3498;938;70;1853;15356;14251;379;13061;2777
2016-11-28T23:00:00;1153;400;66;1044;0;52;2594;4194;3530;933;223;1839;15209;14099;332;13090;2938
2016-11-28T23:15:00;1153;394;73;1040;0;52;2592;4185;3516;900;166;1791;14757;13644;414;12984;2878
2016-11-28T23:30:00;1154;394;80;1046;0;52;2594;4199;3449;904;108;1807;14594;13468;688;12953;2834
2016-11-28T23:45:00;1153;396;82;1049;0;52;2591;4177;3435;901;58;1913;14398;13267;885;13017;2790
2016-11-29T00:00:00;1144;406;87;1053;0;52;2594;4096;3402;928;282;1915;14358;13219;388;12935;3024
2016-11-29T00:15:00;1140;402;92;1064;0;52;2595;4088;3336;937;185;1820;14195;13039;353;12776;2935
2016-11-29T00:30:00;1141;405;97;1099;0;52;2595;4084;3170;934;45;1713;13978;12782;353;12496;2839
2016-11-29T00:45:00;1141;401;101;1102;0;52;2595;4077;3076;928;25;1704;13848;12645;416;12380;2822
2016-11-29T01:00:00;1136;403;107;1108;0;52;2596;3983;3099;922;26;1687;13771;12556;357;12287;2832
2016-11-29T01:15:00;1137;402;110;1127;0;52;2595;3966;3109;904;135;1677;13587;12350;554;12251;2963
2016-11-29T01:30:00;1137;400;119;1167;0;52;2595;3950;3085;890;22;1645;13617;12331;507;12165;2897
2016-11-29T01:45:00;1139;396;128;1194;0;52;2594;3956;3016;871;6;1645;13535;12213;609;12082;2915
2016-11-29T02:00:00;1139;405;132;1219;0;52;2596;4036;3001;915;42;1766;13480;12129;744;12314;2989
2016-11-29T02:15:00;1138;406;139;1250;0;52;2596;4028;2995;931;19;1763;13424;12035;798;12313;3004
2016-11-29T02:30:00;1138;399;143;1281;0;52;2596;4025;2990;927;86;1827;13449;12026;815;12365;3099
2016-11-29T02:45:00;1138;394;147;1303;0;52;2595;4032;2965;904;11;1784;13490;12040;805;12280;3045
2016-11-29T03:00:00;1136;396;154;1320;0;52;2594;4024;2927;896;78;1770;13500;12027;795;12211;3136
2016-11-29T03:15:00;1135;394;159;1356;0;52;2595;4022;2917;892;12;1795;13501;11986;799;12221;3108
2016-11-29T03:30:00;1135;396;164;1415;0;52;2594;4023;2905;892;12;1782;13577;11999;795;12196;3174
2016-11-29T03:45:00;1134;395;170;1464;0;52;2589;4006;2911;877;83;1805;13556;11922;845;12188;3298
2016-11-29T04:00:00;1135;399;175;1494;0;52;2579;3944;2866;894;76;1786;13506;11837;850;12069;3331
2016-11-29T04:15:00;1135;400;183;1513;0;52;2582;3950;2855;901;13;1717;13641;11945;736;12005;3296
2016-11-29T04:30:00;1134;402;191;1527;0;52;2583;3955;2860;904;76;1578;13836;12119;541;11880;3382
2016-11-29T04:45:00;1135;403;197;1540;0;52;2583;3956;2952;929;71;1577;14015;12278;493;11997;3398
2016-11-29T05:00:00;1134;403;207;1580;0;52;2590;3937;3110;1014;24;1631;14231;12444;355;12282;3400
2016-11-29T05:15:00;1135;404;219;1619;0;52;2595;3947;3192;1053;80;1715;14372;12534;341;12502;3509
2016-11-29T05:30:00;1139;404;234;1628;0;52;2595;3934;3303;1093;92;1728;14706;12844;126;12653;3549
2016-11-29T05:45:00;1140;404;246;1648;0;52;2594;3942;3417;1166;242;1737;15087;13193;44;12856;3732
2016-11-29T06:00:00;1140;406;249;1668;0;52;2587;3891;3523;1232;107;1843;15750;13833;59;13076;3622
2016-11-29T06:15:00;1142;425;258;1722;0;52;2594;3901;3654;1264;236;1899;16296;14316;10;13312;3835
2016-11-29T06:30:00;1142;434;269;1737;0;52;2593;3907;3764;1280;627;1924;16851;14845;1;13468;4261
2016-11-29T06:45:00;1144;437;271;1747;0;52;2593;3907;3825;1310;827;1890;17293;15276;1;13525;4478
2016-11-29T07:00:00;1142;423;284;1778;0;52;2586;3818;3828;1364;1146;1854;17899;15837;1;13450;4825
2016-11-29T07:15:00;1145;443;291;1787;0;52;2593;3802;3842;1429;1405;1850;18211;16133;1;13516;5123
2016-11-29T07:30:00;1144;433;292;1814;1;52;2591;3788;3852;1464;1423;1954;18376;16269;1;13649;5159
2016-11-29T07:45:00;1145;438;307;1853;8;52;2592;3790;3839;1467;1387;2041;18442;16274;1;13729;5190
2016-11-29T08:00:00;1144;431;316;1872;85;52;2591;3787;3820;1469;1019;2007;18504;16231;2;13674;4919
2016-11-29T08:15:00;1142;439;316;1884;263;52;2591;3779;3845;1471;863;1949;18556;16093;3;13635;4959
2016-11-29T08:30:00;1140;424;319;1882;555;52;2591;3778;3849;1474;778;1916;18609;15853;2;13608;5150
2016-11-29T08:45:00;1143;426;320;1865;863;52;2591;3743;3864;1477;525;1936;18565;15518;3;13611;5194
2016-11-29T09:00:00;1145;442;324;1837;1144;52;2591;3794;3896;1478;627;1945;18398;15094;3;13704;5571
2016-11-29T09:15:00;1151;429;347;1828;1413;52;2591;3798;3918;1481;447;1892;18382;14795;2;13680;5667
2016-11-29T09:30:00;1154;421;361;1784;1696;52;2591;3791;3920;1481;233;1953;18356;14515;62;13736;5701
2016-11-29T09:45:00;1154;422;349;1733;1998;52;2587;3806;3934;1479;127;1915;18288;14208;104;13721;5835
2016-11-29T10:00:00;1153;435;374;1673;2313;52;2589;3776;3963;1491;211;1899;18403;14044;48;13718;6211
2016-11-29T10:15:00;1152;430;374;1604;2604;52;2589;3755;3960;1496;123;1865;18409;13828;13;13665;6339
2016-11-29T10:30:00;1151;426;375;1503;2871;52;2590;3755;3969;1492;104;1863;18407;13658;26;13669;6482
2016-11-29T10:45:00;1151;423;387;1431;3104;52;2584;3753;3975;1464;85;1888;18458;13536;54;13664;6633
2016-11-29T11:00:00;1151;430;398;1362;3330;52;2588;3866;3857;1461;106;1990;18562;13473;13;13762;6829
2016-11-29T11:15:00;1150;427;411;1305;3479;52;2588;3936;3777;1463;139;1977;18520;13325;38;13741;6963
2016-11-29T11:30:00;1152;428;428;1288;3554;52;2585;3928;3763;1446;130;1938;18562;13292;101;13660;7032
2016-11-29T11:45:00;1158;427;457;1266;3613;52;2586;3935;3747;1406;105;1932;18547;13212;131;13606;7078
2016-11-29T12:00:00;1160;433;479;1222;3645;52;2590;3967;3735;1293;99;1940;18448;13101;139;13525;7090
2016-11-29T12:15:00;1160;437;489;1198;3622;52;2591;3956;3725;1291;100;1970;18372;13064;159;13533;7058
2016-11-29T12:30:00;1162;443;510;1182;3575;52;2592;3953;3728;1314;109;2018;18408;13141;187;13605;7033
2016-11-29T12:45:00;1158;441;511;1156;3479;52;2592;3999;3733;1320;105;2021;18381;13235;187;13665;6902
2016-11-29T13:00:00;1157;434;515;1147;3364;52;2590;4000;3749;1335;186;1986;18362;13335;153;13660;6855
2016-11-29T13:15:00;1152;436;526;1133;3186;52;2588;3996;3849;1377;123;1962;18274;13429;148;13772;6608
2016-11-29T13:30:00;1158;438;533;1121;2982;52;2587;3997;3882;1400;146;1959;18212;13576;137;13825;6430
2016-11-29T13:45:00;1161;444;553;1090;2742;52;2586;3991;3870;1420;110;1982;18080;13696;119;13849;6152
2016-11-29T14:00:00;1154;437;547;1095;2465;52;2586;4056;3862;1440;126;1975;17962;13855;250;13919;5876
2016-11-29T14:15:00;1153;447;562;1091;2167;52;2590;4077;3867;1444;211;1909;18084;14263;86;13887;5683
2016-11-29T14:30:00;1154;446;575;1081;1850;52;2588;4083;3877;1497;379;1928;18068;14563;43;13973;5537
2016-11-29T14:45:00;1160;443;594;1082;1514;52;2588;4085;3878;1571;361;1951;18072;14883;3;14073;5206
2016-11-29T15:00:00;1163;438;591;1101;1154;52;2587;4106;3886;1602;231;1950;18100;15254;27;14131;4730
2016-11-29T15:15:00;1166;441;597;1134;820;52;2587;4112;3927;1617;320;1954;18112;15562;2;14197;4530
2016-11-29T15:30:00;1167;440;617;1196;519;52;2588;4106;3941;1621;548;1957;18111;15781;1;14213;4539
2016-11-29T15:45:00;1166;443;627;1279;264;52;2587;4089;3967;1643;701;1937;18206;16036;1;14223;4532
2016-11-29T16:00:00;1167;464;625;1353;100;52;2569;3974;3975;1667;905;1936;18302;16223;1;14121;4666
2016-11-29T16:15:00;1169;486;639;1456;29;52;2546;3953;3984;1675;1050;1907;18440;16317;1;14065;4881
2016-11-29T16:30:00;1170;481;648;1583;11;52;2541;3953;3987;1678;1183;1972;18699;16457;1;14131;5128
2016-11-29T16:45:00;1169;477;659;1714;0;52;2542;3953;3999;1694;1405;2062;19091;16719;1;14250;5476
2016-11-29T17:00:00;1170;481;672;1817;0;52;2539;3930;4021;1691;1371;2107;19363;16874;1;14288;5563
2016-11-29T17:15:00;1170;482;695;1870;0;52;2535;3931;4011;1702;1434;2104;19455;16890;1;14283;5703
2016-11-29T17:30:00;1172;484;705;1912;0;52;2514;3933;4007;1702;1386;2141;19473;16856;1;14297;5711
2016-11-29T17:45:00;1174;482;709;2037;0;52;2493;3954;4003;1705;1429;2109;19579;16834;1;14264;5883
2016-11-29T18:00:00;1174;478;722;2111;0;52;2493;4071;4003;1701;998;1967;19396;16564;1;14235;5535
2016-11-29T18:15:00;1175;467;728;2150;0;52;2492;4109;4006;1708;817;1899;19266;16387;1;14214;5389
2016-11-29T18:30:00;1173;454;736;2229;0;52;2493;4128;3998;1692;617;1890;19219;16255;2;14201;5261
2016-11-29T18:45:00;1176;447;741;2284;0;52;2493;4130;3998;1687;497;1954;19236;16211;3;14262;5197
2016-11-29T19:00:00;1175;460;752;2316;0;52;2494;4138;3993;1630;572;1897;19240;16173;3;14152;5327
2016-11-29T19:15:00;1170;427;759;2356;0;52;2491;4117;3992;1600;417;1912;19029;15915;10;14112;5181
2016-11-29T19:30:00;1174;428;773;2421;0;52;2490;4111;3981;1593;221;1962;18871;15677;41;14137;5069
2016-11-29T19:45:00;1179;436;789;2469;0;52;2490;4102;3914;1448;204;1931;18715;15458;52;13885;5129
2016-11-29T20:00:00;1173;458;786;2520;0;52;2494;4040;3872;1324;211;1927;18390;15084;12;13657;5200
2016-11-29T20:15:00;1171;449;791;2562;0;52;2494;4016;3837;1229;118;1860;18063;14710;83;13436;5143
2016-11-29T20:30:00;1171;446;789;2618;0;52;2493;4015;3763;1176;102;1759;17814;14408;19;13206;5178
2016-11-29T20:45:00;1171;441;792;2644;0;52;2492;4011;3686;1111;76;1848;17558;14122;252;13148;5176
2016-11-29T21:00:00;1165;470;796;2686;0;52;2512;3917;3621;1062;155;1772;17405;13924;53;12884;5324
2016-11-29T21:15:00;1164;448;794;2732;0;52;2517;3841;3571;1028;128;1731;17138;13612;69;12688;5318
2016-11-29T21:30:00;1166;447;801;2758;0;52;2516;3833;3469;998;78;1738;16918;13360;128;12554;5302
2016-11-29T21:45:00;1165;442;801;2808;0;52;2511;3814;3348;927;53;1746;16657;13049;170;12346;5321
2016-11-29T22:00:00;1159;442;803;2778;0;52;2520;3820;3294;877;283;1673;16611;13030;125;12184;5517
2016-11-29T22:15:00;1152;435;802;2842;0;52;2518;3805;3195;838;293;1706;16489;12846;238;12062;5576
2016-11-29T22:30:00;1152;437;806;2867;0;52;2518;3804;2995;817;62;1665;16230;12557;193;11799;5376
2016-11-29T22:45:00;1157;435;806;2890;0;52;2515;3819;2857;810;150;1611;15949;12253;249;11612;5490
2016-11-29T23:00:00;1160;446;806;2924;0;52;2520;3904;2723;807;209;1537;15666;11936;369;11491;5597
2016-11-29T23:15:00;1161;439;806;3008;0;52;2515;3894;2527;799;27;1526;15367;11554;442;11261;5493
2016-11-29T23:30:00;1162;439;800;3041;0;52;2518;3920;2350;741;45;1531;15155;11314;509;11060;5539
2016-11-29T23:45:00;1163;435;805;3074;0;52;2510;3907;2211;653;40;1524;14957;11078;518;10805;5569
2016-11-30T00:00:00;1160;435;804;3122;0;52;2519;3799;2120;577;41;1287;14589;10663;470;10302;5614
2016-11-30T00:15:00;1159;433;788;3200;0;52;2517;3757;2024;574;42;1291;14385;10397;543;10163;5674
2016-11-30T00:30:00;1158;434;776;3229;0;52;2517;3733;1974;573;41;1279;14170;10165;778;10076;5690
2016-11-30T00:45:00;1156;434;783;3268;0;52;2515;3689;1928;572;117;1223;14060;10009;809;9927;5810
2016-11-30T01:00:00;1152;442;776;3292;0;52;2519;3648;1931;571;49;1199;13943;9876;684;9868;5763
2016-11-30T01:15:00;1150;433;771;3342;0;52;2515;3634;1911;570;41;1212;13839;9727;735;9842;5789
2016-11-30T01:30:00;1151;433;773;3387;0;52;2519;3653;1875;573;138;1314;13755;9594;890;9934;5934
2016-11-30T01:45:00;1152;430;779;3418;0;52;2514;3640;1885;571;121;1314;13699;9503;927;9924;5952
2016-11-30T02:00:00;1150;431;777;3444;0;52;2519;3669;1886;578;34;1284;13643;9423;839;9936;5888
2016-11-30T02:15:00;1150;425;774;3479;0;52;2514;3662;1876;580;33;1294;13648;9395;873;9926;5913
2016-11-30T02:30:00;1150;421;774;3526;0;52;2508;3667;1862;577;15;1324;13619;9320;891;9938;5938
2016-11-30T02:45:00;1150;419;779;3541;0;52;2502;3676;1812;575;11;1324;13584;9264;909;9889;5952
2016-11-30T03:00:00;1147;420;798;3554;0;52;2496;3697;1799;579;11;1329;13621;9270;921;9900;5982
2016-11-30T03:15:00;1149;418;809;3562;0;52;2491;3697;1821;577;12;1303;13599;9228;949;9889;6002
2016-11-30T03:30:00;1145;419;799;3599;0;52;2491;3699;1813;575;15;1324;13723;9325;939;9902;6029
2016-11-30T03:45:00;1144;417;799;3644;0;52;2489;3680;1827;579;12;1320;13683;9240;952;9895;6068
2016-11-30T04:00:00;1148;419;800;3671;0;52;2494;3655;1872;598;15;1352;13732;9261;927;9971;6105
2016-11-30T04:15:00;1150;419;793;3694;0;52;2497;3660;1896;599;15;1369;13845;9359;896;10021;6123
2016-11-30T04:30:00;1150;439;789;3695;0;52;2503;3655;1923;596;32;1421;14070;9587;823;10098;6157
2016-11-30T04:45:00;1152;419;790;3717;0;52;2507;3621;1946;599;16;1407;14082;9575;688;10080;6146
2016-11-30T05:00:00;1151;414;790;3692;0;52;2511;3565;2017;605;102;1433;14211;9730;676;10131;6201
2016-11-30T05:15:00;1148;414;780;3736;0;52;2517;3561;2098;609;92;1448;14418;9903;645;10233;6222
2016-11-30T05:30:00;1150;416;766;3791;0;52;2518;3554;2202;616;111;1401;14800;10243;279;10291;6286
2016-11-30T05:45:00;1150;430;781;3871;0;52;2515;3546;2276;624;129;1447;15314;10662;169;10408;6413
2016-11-30T06:00:00;1148;422;772;3963;0;52;2510;3526;2273;608;190;1492;15879;11143;200;10409;6547
2016-11-30T06:15:00;1148;416;749;3978;0;50;2516;3538;2438;619;206;1675;16564;11837;53;10786;6547
2016-11-30T06:30:00;1151;431;726;4034;0;50;2518;3549;2656;647;325;1753;17123;12363;4;11123;6717
2016-11-30T06:45:00;1152;459;715;4023;0;50;2519;3545;2805;712;410;1789;17598;12861;4;11370;6809
2016-11-30T07:00:00;1154;437;716;4050;0;50;2511;3525;2856;715;780;1794;18210;13445;3;11401;7187
2016-11-30T07:15:00;1157;450;718;4101;0;50;2517;3542;2876;718;916;1814;18439;13621;3;11467;7392
2016-11-30T07:30:00;1156;444;728;4148;0;50;2516;3553;2914;720;943;1883;18659;13784;3;11586;7469
2016-11-30T07:45:00;1158;444;735;4156;5;49;2515;3537;2929;718;953;1969;18780;13884;7;11668;7500
2016-11-30T08:00:00;1157;438;703;4111;61;49;2514;3556;2974;765;999;2046;18853;13978;11;11855;7518
2016-11-30T08:15:00;1156;436;708;4106;154;49;2515;3558;2984;772;939;2053;18856;13888;43;11882;7548
2016-11-30T08:30:00;1159;439;732;4129;285;49;2519;3570;2983;774;852;2062;18870;13724;68;11908;7645
2016-11-30T08:45:00;1158;420;743;4147;463;49;2516;3575;2992;768;686;2030;18830;13477;73;11881;7666
2016-11-30T09:00:00;1155;435;727;4183;659;49;2518;3594;2984;760;445;1997;18684;13115;47;11853;7653
2016-11-30T09:15:00;1157;425;739;4220;864;49;2515;3601;2976;784;230;2001;18715;12893;60;11877;7684
2016-11-30T09:30:00;1156;424;749;4179;1095;49;2513;3606;2959;783;219;1968;18755;12732;62;11829;7871
2016-11-30T09:45:00;1154;419;774;4131;1288;49;2510;3600;2911;783;105;1954;18695;12502;70;11758;7920
2016-11-30T10:00:00;1150;424;785;4104;1496;49;2515;3578;2871;783;201;1962;18743;12359;49;11709;8209
2016-11-30T10:15:00;1147;425;799;4034;1700;49;2512;3566;2840;784;138;1942;18721;12188;47;11644;8292
2016-11-30T10:30:00;1144;414;800;3988;1857;49;2512;3572;2825;781;115;1944;18796;12151;28;11634;8367
2016-11-30T10:45:00;1147;414;786;3977;2020;49;2512;3548;2827;785;110;1981;18824;12042;73;11653;8503
2016-11-30T11:00:00;1142;414;784;3960;2138;49;2513;3539;2904;805;102;1908;18835;11953;89;11669;8589
2016-11-30T11:15:00;1142;414;791;3974;2222;50;2513;3538;2872;834;106;1895;18951;11963;80;11652;8699
2016-11-30T11:30:00;1143;415;793;3951;2272;50;2514;3549;2848;802;95;1870;18880;11865;72;11583;8719
2016-11-30T11:45:00;1148;418;792;3892;2285;51;2512;3576;2798;818;117;1888;18899;11930;71;11592;8703
2016-11-30T12:00:00;1152;419;805;3895;2294;52;2513;3628;2825;804;213;1860;18787;11794;69;11630;8830
2016-11-30T12:15:00;1155;416;802;3941;2263;52;2510;3648;2830;806;177;1853;18717;11712;62;11647;8806
2016-11-30T12:30:00;1154;417;792;3960;2218;52;2513;3627;2859;807;118;1862;18715;11745;60;11668;8711
2016-11-30T12:45:00;1157;421;792;3963;2115;52;2511;3642;2881;809;122;1873;18656;11787;53;11716;8622
2016-11-30T13:00:00;1153;414;806;4019;2010;52;2509;3688;2859;806;61;1924;18759;11925;133;11786;8515
2016-11-30T13:15:00;1154;414;804;4078;1893;51;2505;3713;2876;807;76;1894;18683;11908;70;11795;8470
2016-11-30T13:30:00;1155;416;805;4120;1756;51;2507;3702;2859;809;77;1881;18607;11926;96;11758;8380
2016-11-30T13:45:00;1159;416;808;4149;1607;51;2505;3716;2830;802;107;1916;18504;11941;190;11769;8297
2016-11-30T14:00:00;1162;423;808;4168;1414;51;2512;3662;2791;781;195;1990;18575;12184;311;11736;8221
2016-11-30T14:15:00;1162;432;810;4144;1203;51;2512;3641;2769;800;176;1954;18546;12390;160;11676;7978
2016-11-30T14:30:00;1162;445;807;4157;1003;51;2512;3598;2811;803;240;1986;18521;12554;19;11710;7865
2016-11-30T14:45:00;1162;459;808;4189;810;51;2509;3592;2806;803;403;1949;18472;12666;1;11659;7882
2016-11-30T15:00:00;1162;471;808;4206;624;51;2506;3575;2880;803;383;2000;18573;12934;1;11764;7705
2016-11-30T15:15:00;1159;467;808;4201;469;51;2510;3547;2884;804;504;1979;18554;13076;1;11724;7659
2016-11-30T15:30:00;1158;451;811;4272;295;51;2510;3581;2903;807;530;1932;18509;13131;1;11733;7568
2016-11-30T15:45:00;1165;450;811;4331;160;50;2508;3631;2934;808;442;1911;18493;13191;1;11792;7409
2016-11-30T16:00:00;1170;442;811;4403;61;50;2503;3606;3017;805;405;1967;18625;13350;1;11898;7342
2016-11-30T16:15:00;1173;448;812;4459;16;50;2511;3624;3050;805;408;1977;18817;13531;1;11967;7366
2016-11-30T16:30:00;1173;453;812;4526;7;50;2509;3648;3053;823;537;2018;18998;13653;1;12051;7558
2016-11-30T16:45:00;1172;451;820;4620;0;50;2507;3668;3041;839;669;1952;19252;13813;1;12007;7782
2016-11-30T17:00:00;1171;449;822;4713;0;51;2500;3638;3042;851;658;1953;19434;13898;2;11984;7864
2016-11-30T17:15:00;1175;452;821;4767;0;51;2507;3632;3050;853;728;1937;19539;13951;30;11979;7994
2016-11-30T17:30:00;1177;453;812;4875;0;51;2505;3637;3053;863;726;1919;19635;13948;33;11977;8094
2016-11-30T17:45:00;1178;451;816;5006;0;51;2504;3641;3070;860;613;1947;19575;13753;65;12022;8115
2016-11-30T18:00:00;1180;454;819;5061;0;51;2505;3617;3031;820;630;1903;19395;13515;62;11876;8195
2016-11-30T18:15:00;1184;455;819;5124;0;51;2508;3629;3026;813;574;1885;19250;13307;63;11861;8207
2016-11-30T18:30:00;1180;454;821;5146;0;51;2505;3638;3006;776;559;1884;19242;13275;64;11809;8211
2016-11-30T18:45:00;1176;454;822;5176;0;51;2505;3639;3031;708;587;1865;19163;13165;65;11748;8266
2016-11-30T19:00:00;1178;458;816;5231;0;51;2508;3701;2979;677;433;2009;19179;13133;20;11874;8167
2016-11-30T19:15:00;1182;454;808;5254;0;51;2503;3677;2935;676;469;1872;18940;12878;63;11663;8218
2016-11-30T19:30:00;1183;454;796;5263;0;51;2504;3673;2858;669;259;1891;18730;12671;80;11595;8006
2016-11-30T19:45:00;1180;454;798;5282;0;51;2503;3660;2715;654;241;1867;18470;12390;147;11399;8006
2016-11-30T20:00:00;1176;457;803;5229;0;51;2509;3582;2611;626;428;1564;18082;12051;68;10892;8144
2016-11-30T20:15:00;1176;433;806;5244;0;51;2501;3527;2524;622;339;1531;17744;11694;75;10705;8049
2016-11-30T20:30:00;1174;433;814;5256;0;51;2501;3529;2382;614;169;1557;17438;11368;121;10583;7897
2016-11-30T20:45:00;1174;427;819;5220;0;51;2504;3502;2298;604;145;1472;17179;11140;142;10380;7836
2016-11-30T21:00:00;1172;426;819;5218;0;51;2508;3390;2136;598;309;1433;16973;10936;58;10065;7995
2016-11-30T21:15:00;1168;425;818;5222;0;51;2503;3355;2019;598;370;1377;16794;10754;55;9852;8054
2016-11-30T21:30:00;1162;422;818;5212;0;51;2496;3315;1965;598;103;1439;16398;10368;174;9813;7768
2016-11-30T21:45:00;1160;422;820;5244;0;51;2491;3300;1922;589;72;1425;16215;10152;234;9727;7769
2016-11-30T22:00:00;1153;430;819;5167;0;51;2501;3305;1832;579;288;1262;16189;10203;74;9479;7908
2016-11-30T22:15:00;1152;424;818;5159;0;51;2504;3266;1796;577;206;1296;16037;10060;93;9439;7810
2016-11-30T22:30:00;1154;422;816;5167;0;52;2502;3263;1683;578;102;1360;15777;9795;267;9386;7713
2016-11-30T22:45:00;1154;420;811;5215;0;52;2501;3269;1627;576;78;1341;15447;9421;420;9314;7730
2016-11-30T23:00:00;1155;434;816;5239;0;51;2507;3310;1485;574;297;1183;15230;9175;228;9059;7992
2016-11-30T23:15:00;1153;423;817;5199;0;52;2505;3302;1420;570;119;1131;14958;8942;259;8928;7763
2016-11-30T23:30:00;1154;424;811;5202;0;52;2504;3273;1374;568;93;1122;14607;8594;475;8841;7736
2016-11-30T23:45:00;1153;423;811;5183;0;51;2503;3261;1292;563;28;1134;14336;8343;603;8753;7649




































































































